Name,State,Value,Number_of_Observations_POR,Percentile_POR
Little Bear,UT,0.0,46,97.82608695652173
Buck Flat,UT,0.0,46,93.47826086956522
Brown Duck,UT,0.0,46,86.95652173913044
Swift Creek,WA,0.0,22,100.0
Cochetopa Pass,CO,0.2,20,95.0
Bloody Dick,MT,0.0,48,91.66666666666666
Sheep Mtn.,ID,0.0,42,100.0
Ochoco Meadows,OR,0.0,44,100.0
Poison Flat,CA,0.0,44,100.0
Sucker Creek,WY,0.0,46,80.43478260869566
Farnsworth Lake,UT,0.0,44,86.36363636363636
Sleeping Woman,MT,0.0,33,93.93939393939394
Schofield Pass,CO,0.3,39,97.43589743589743
Kendall R.S.,WY,0.0,39,97.43589743589743
Draw Creek,NV,0.0,41,100.0
Michigan Creek,CO,0.1,26,88.46153846153845
Smiley Mountain,ID,0.0,23,86.95652173913044
Mount Crag,WA,0.2,35,100.0
Donkey Reservoir,UT,0.0,39,94.87179487179486
Summit Lake,OR,0.0,44,93.18181818181817
Big Creek Summit,ID,0.0,43,97.67441860465115
Upper Rio Grande,CO,0.0,38,100.0
Derr.,OR,0.0,44,100.0
Currant Creek,UT,0.0,46,95.65217391304348
Park Cone,CO,0.3,44,100.0
Bison Lake,CO,0.1,39,84.61538461538461
Big Sandy Opening,WY,0.0,44,88.63636363636364
Clackamas Lake,OR,0.0,44,100.0
Kraft Creek,MT,0.0,44,97.72727272727273
Rawah,CO,0.1,22,100.0
Spratt Creek,CA,0.0,44,100.0
Grassy Lake,WY,0.0,44,100.0
Heber,AZ,0.0,44,95.45454545454545
Kimberly Mine,UT,0.0,44,95.45454545454545
Payson R.S.,UT,0.0,44,93.18181818181817
Little Meadows,OR,0.0,44,100.0
Swamp Creek,WA,0.0,25,100.0
Crow Creek,WY,1.0,21,100.0
Crosho,CO,0.0,38,97.36842105263158
Willow Creek Pass,CO,0.5,46,93.47826086956522
Albro Lake,MT,0.0,28,78.57142857142857
Snider Basin,WY,0.0,44,97.72727272727273
Little Grassy,UT,0.0,39,100.0
Mores Creek Summit,ID,0.0,42,97.61904761904762
Taylor Canyon,NV,0.0,44,100.0
Clear Creek #2,UT,0.0,46,93.47826086956522
Irish Taylor,OR,0.0,45,95.55555555555556
Quartz Peak,WA,0.3,37,100.0
Promontory,AZ,0.0,42,100.0
Taylor Butte,OR,0.0,46,100.0
Madison Butte,OR,0.0,44,100.0
Beaver Reservoir,OR,0.0,44,100.0
Powder River Pass,WY,0.0,46,73.91304347826086
Deadman Hill,CO,0.0,46,84.78260869565217
Huckleberry Creek,WA,0.0,27,100.0
Galena,ID,0.1,42,97.61904761904762
Diamond Lake,OR,0.0,42,100.0
Overland Res.,CO,0.0,35,97.14285714285714
Big Bend,NV,0.0,46,100.0
Mining Fork,UT,0.0,36,97.22222222222221
Triple Peak,WY,0.0,39,97.43589743589743
Smith  Morehouse,UT,0.0,46,95.65217391304348
Dry Lake,CO,0.0,44,93.18181818181817
Fremont Pass,CO,0.1,44,84.0909090909091
Beagle Springs,MT,0.0,46,86.95652173913044
Sage Creek Basin,WY,0.0,23,95.65217391304348
Clayton Springs,UT,0.0,24,100.0
Farmington Lower,UT,0.0,20,100.0
Pickle Keg,UT,0.0,46,93.47826086956522
S Fork Shields,MT,0.0,44,75.0
Burnt Mountain,WA,0.1,25,100.0
Cole Creek,MT,0.0,50,72.0
Grave Springs,WY,0.0,32,78.125
West Yellowstone,MT,0.0,58,94.82758620689656
Burnside Lake,CA,0.0,21,95.23809523809523
Lost Horse,WA,0.0,34,100.0
Bear River,CO,0.1,20,100.0
Meadow Lake,ID,0.0,43,93.02325581395348
Burroughs Creek,WY,0.0,45,77.77777777777779
Lost Dog,CO,0.0,26,96.15384615384616
Billie Creek Divide,OR,0.0,46,97.82608695652173
Stillwater Creek,CO,0.0,39,100.0
Dry Fork,UT,0.0,30,90.0
Hobbs Park,WY,0.0,46,76.08695652173914
Turnagain Pass,AK,0.0,42,92.85714285714286
Columbine,CO,0.4,44,97.72727272727273
Somsen Ranch,ID,0.0,44,100.0
Bowman Springs,OR,0.0,46,100.0
Salmon Meadows,WA,0.0,42,100.0
Bisson Creek,MT,0.0,33,96.96969696969697
Kirwin,WY,0.0,44,77.27272727272727
Gutz Peak,UT,0.0,20,100.0
Cumbres Trestle,CO,0.2,44,90.9090909090909
Middle Fork Camp,CO,0.2,23,100.0
Basin Creek,MT,0.0,44,81.81818181818183
Phantom Valley,CO,0.0,44,100.0
Bear Creek,NV,0.0,45,93.33333333333333
Tinkham Creek,WA,0.0,31,100.0
Holland Meadows,OR,0.0,43,97.67441860465115
Blue Mountain Spring,OR,0.0,46,100.0
Pole Creek R.S.,NV,0.0,44,95.45454545454545
Castle Valley,UT,0.0,44,97.72727272727273
Beaver Head,AZ,0.0,30,100.0
Mount Gardner,WA,0.0,31,100.0
Hyndman,ID,0.0,44,97.72727272727273
Spirit Lake,WA,0.0,40,100.0
Willow Creek,WY,0.0,43,95.34883720930233
Lolo Pass,ID,0.1,41,100.0
Red Mountain Pass,CO,0.0,44,88.63636363636364
Morgan Creek,ID,0.0,43,100.0
Lasal Mountain,UT,0.0,43,95.34883720930233
Wells Creek,WA,0.0,29,100.0
Webber Springs,WY,0.1,44,95.45454545454545
Susitna Valley High,AK,0.0,37,100.0
White Mill,MT,0.0,51,80.3921568627451
Sandstone RS,WY,0.0,39,94.87179487179486
Canyon,WY,0.0,44,90.9090909090909
Rice Park,NM,0.1,26,96.15384615384616
Hand Creek,MT,0.0,48,91.66666666666666
Granite Peak,NV,0.0,44,93.18181818181817
Madison Plateau,MT,0.0,57,87.71929824561403
North Costilla,NM,0.0,45,100.0
Tolby,NM,0.1,26,100.0
Moses Mtn,WA,0.0,33,100.0
Touchet,WA,0.0,43,95.34883720930233
Hardscrabble,UT,0.0,31,96.7741935483871
Gerber Reservoir,OR,0.0,26,100.0
Medano Pass,CO,0.0,29,100.0
Mule Creek,MT,0.0,44,90.9090909090909
Chocolate Gulch,ID,0.0,31,100.0
Five Points Lake,UT,0.0,44,90.9090909090909
Grizzly Peak,CO,0.0,44,90.9090909090909
Lake Irene,CO,0.0,45,91.11111111111111
Hawkins Lake,MT,0.0,56,78.57142857142857
Lake Eldora,CO,1.0,46,100.0
Summit Meadow,CA,0.0,21,100.0
Thunder Basin,WA,0.0,36,97.22222222222221
Baker Butte,AZ,0.0,44,97.72727272727273
Black Bear,MT,0.0,53,77.35849056603774
Giveout,ID,0.2,43,97.67441860465115
County Line,OR,0.0,44,100.0
North French Creek,WY,1.2,46,95.65217391304348
Garfield R.S.,ID,0.0,44,100.0
Cooper Lake,AK,0.1,43,97.67441860465115
Pickfoot Creek,MT,0.0,46,86.95652173913044
Lost-Wood Divide,ID,0.1,43,95.34883720930233
Louis Meadow,UT,0.0,25,96.0
Old Battle,WY,0.1,44,84.0909090909091
Swede Peak,ID,0.0,43,95.34883720930233
Little Warm,WY,0.0,46,89.13043478260869
Mud Flat,ID,0.0,44,100.0
Chalk Creek #2,UT,0.0,46,91.30434782608695
Brumley,CO,0.0,44,97.72727272727273
Park Creek Ridge,WA,0.0,46,95.65217391304348
Tipton,OR,0.0,44,100.0
Emery Creek,MT,0.0,48,100.0
Calvert Creek,MT,0.0,49,97.95918367346938
Phillips Bench,WY,0.0,44,97.72727272727273
Munson Ridge,AK,0.0,44,61.36363636363637
Little Snake River,WY,0.1,20,95.0
North Lost Trail,CO,0.1,39,97.43589743589743
Copeland Lake,CO,0.1,43,97.67441860465115
Ivanhoe,CO,0.1,33,87.87878787878788
Jones Pass,CO,0.0,25,96.0
Cole Canyon,WY,0.0,24,100.0
Mc Clure Pass,CO,0.1,44,97.72727272727273
Moonshine,ID,0.0,43,97.67441860465115
Mt Rose Ski Area,NV,0.0,44,93.18181818181817
Bear Trap Meadow,WY,0.0,44,90.9090909090909
Long Lake,AK,0.1,26,100.0
Wilbur Bench,UT,0.0,45,97.77777777777777
Upper San Juan,CO,0.1,46,95.65217391304348
Carson Pass,CA,0.0,20,90.0
Lewis Peak,NV,0.0,24,100.0
Two Ocean Plateau,WY,0.0,44,88.63636363636364
Spud Mountain,CO,0.0,38,92.10526315789474
Harris Flat,UT,0.0,44,100.0
Blackwater,WY,0.0,44,72.72727272727273
Sand Lake,WY,1.0,42,95.23809523809523
Eilertson Meadows,OR,0.0,44,100.0
Reynolds Creek,ID,0.0,22,100.0
Teuchet Creek,AK,0.2,42,95.23809523809523
Maverick Fork,AZ,0.0,44,97.72727272727273
Atlanta Summit,ID,0.0,43,95.34883720930233
South Mtn.,ID,0.0,43,95.34883720930233
Strawberry Divide,UT,0.0,46,95.65217391304348
Poorman Creek,MT,0.0,45,86.66666666666667
Silver Creek,OR,0.0,44,100.0
Big Creek Sum,NV,0.0,44,95.45454545454545
Scotch Creek,CO,0.0,38,100.0
Chamita,NM,0.0,45,100.0
Boulder Mountain,MT,0.0,46,73.91304347826086
Aneroid Lake #2,OR,0.0,42,85.71428571428571
Mica Creek,ID,0.1,34,100.0
Elk Cabin,NM,0.0,26,100.0
Prairie,ID,0.0,38,100.0
Moss Springs,OR,0.0,44,97.72727272727273
Placer Basin,MT,0.0,44,79.54545454545455
Elk Butte,ID,0.0,42,95.23809523809523
Base Camp,WY,0.0,44,100.0
Fish Creek,OR,0.0,45,93.33333333333333
Copper Mountain,CO,0.0,46,95.65217391304348
Upper Tsaina River,AK,0.4,21,95.23809523809523
Camp Jackson,UT,0.0,39,97.43589743589743
Beartooth Lake,WY,0.0,44,81.81818181818183
Bone Springs Div,WY,0.0,44,77.27272727272727
Toketee Airstrip,OR,0.0,21,100.0
Dills Camp,UT,0.0,45,95.55555555555556
Monte Cristo,UT,0.0,46,95.65217391304348
Three Creeks Meadow,OR,0.0,44,97.72727272727273
Ward Mountain,NV,0.0,44,95.45454545454545
Banner Summit,ID,0.0,44,97.72727272727273
Summit Ranch,CO,0.1,44,100.0
Sheep Canyon,WA,0.0,41,100.0
Lucky Strike,OR,0.0,46,100.0
White Horse Lake,AZ,0.0,44,97.72727272727273
Morse Lake,WA,0.0,43,97.67441860465115
Magic Mountain,ID,0.0,44,97.72727272727273
Daly Lake,OR,0.0,44,100.0
Lone Pine,WA,0.0,44,100.0
Grouse Creek Divide,AK,0.2,26,100.0
King Mountain,OR,0.1,43,100.0
Mesa Lakes,CO,0.1,38,97.36842105263158
Monument Creek,AK,0.1,44,88.63636363636364
Gunsight Pass,WY,0.0,26,92.3076923076923
Parker Peak,WY,0.0,43,79.06976744186046
Many Glacier,MT,0.0,48,85.41666666666666
Cool Creek,ID,0.4,40,95.0
Arbuckle Mtn,OR,0.0,46,100.0
Dry Bread Pond,UT,0.0,46,95.65217391304348
Sharkstooth,CO,0.0,20,90.0
Hewinta,UT,0.0,39,97.43589743589743
Cinnabar Park,WY,0.0,21,95.23809523809523
Moraine,AK,0.0,22,95.45454545454545
Stuart Mountain,MT,0.0,30,76.66666666666667
Pike Creek,MT,0.0,48,85.41666666666666
Molas Lake,CO,0.0,38,97.36842105263158
Dismal Swamp,CA,0.0,44,95.45454545454545
Cold Springs Camp,OR,0.0,43,97.67441860465115
Blind Park,SD,0.0,34,100.0
Dorsey Basin,NV,0.0,46,97.82608695652173
Cottonwood Creek,WY,0.0,41,97.5609756097561
Northeast Entrance,MT,0.0,58,91.37931034482759
Berry Creek,NV,0.0,44,90.9090909090909
Lakeview Ridge,MT,0.0,46,97.82608695652173
Jack Creek Upper,NV,0.0,46,95.65217391304348
Fish Lk.,OR,0.0,43,97.67441860465115
Quartz Mountain,OR,0.0,44,100.0
North Rapid Creek,SD,0.0,28,100.0
White Elephant,ID,0.0,43,97.67441860465115
Timber Creek,WY,0.0,37,86.48648648648648
Fish Lake,WA,0.0,41,100.0
Emigrant Springs,OR,0.0,44,100.0
Casper Mtn.,WY,0.0,42,88.09523809523809
Dungeness,WA,0.0,26,100.0
Chalk Creek #1,UT,0.0,46,91.30434782608695
Mt Hood Test Site,OR,0.0,44,93.18181818181817
Frisco Divide,NM,0.0,44,95.45454545454545
Spruce Springs,WA,0.0,24,100.0
Corral Pass,WA,0.0,41,97.5609756097561
Tower,CO,0.0,45,86.66666666666667
Coronado Trail,AZ,0.0,44,100.0
Buffalo Park,CO,0.2,29,100.0
Rocker Peak,MT,0.0,57,75.43859649122807
Beaver Creek,MT,0.0,58,82.75862068965517
Vallecito,CO,0.1,38,100.0
Red River Pass #2,NM,0.0,45,100.0
Mcneil Canyon,AK,0.0,36,100.0
Rocky Boy,MT,0.0,57,96.49122807017544
Fourmile Lake,OR,0.0,45,97.77777777777777
Camas Creek Divide,ID,0.1,32,100.0
Secesh Summit,ID,0.0,43,97.67441860465115
Gallegos Peak,NM,0.0,44,100.0
Skalkaho Summit,MT,0.0,48,91.66666666666666
Silver Creek Divide,NM,0.0,44,100.0
Island Park,ID,0.0,43,100.0
Hagans Meadow,CA,0.0,46,97.82608695652173
South Fork Bull Run,OR,0.0,27,100.0
Rex River,WA,0.0,29,96.55172413793103
Lost Lake,ID,0.0,42,90.47619047619048
Daniels-Strawberry,UT,0.0,46,95.65217391304348
Bear Saddle,ID,0.0,43,100.0
Tony Grove Lake,UT,0.0,46,95.65217391304348
Butte,CO,0.0,44,97.72727272727273
Stringer Creek,MT,0.0,23,91.30434782608695
Berthoud Summit,CO,0.0,46,82.6086956521739
St. Lawrence Alt,WY,0.0,41,85.36585365853658
Clear Creek #1,UT,0.0,46,95.65217391304348
Fawn Creek,NV,0.0,44,95.45454545454545
Lookout Peak,UT,0.0,36,91.66666666666666
Sierra Blanca,NM,0.0,22,100.0
Bumping Ridge,WA,0.2,43,100.0
Skookum Creek,WA,0.1,29,96.55172413793103
Hole-in-Rock,UT,0.0,39,97.43589743589743
Slumgullion,CO,0.0,44,90.9090909090909
Bostetter R.S.,ID,0.1,43,97.67441860465115
Daly Creek,MT,0.0,44,97.72727272727273
Lubrecht Flume,MT,0.0,54,98.14814814814815
Mosby Mtn.,UT,0.0,46,91.30434782608695
Cloud Peak Reservoir,WY,0.0,46,80.43478260869566
Spring Creek Divide,WY,0.2,44,90.9090909090909
Lick Creek,MT,0.0,61,91.80327868852459
Middle Powder,WY,0.0,46,80.43478260869566
Wesner Springs,NM,0.0,35,100.0
Frohner Meadow,MT,0.0,52,88.46153846153845
Leavitt Lake,CA,0.0,35,97.14285714285714
Buckskin Lower,NV,0.0,44,95.45454545454545
Meadows Pass,WA,0.1,31,100.0
Green Lake,WA,0.0,42,100.0
Togwotee Pass,WY,0.0,44,84.0909090909091
Oxford Spring,ID,0.0,43,97.67441860465115
Cascade Mountain,UT,0.0,22,90.9090909090909
Potato Hill,WA,0.0,41,100.0
Crater Meadows,ID,0.0,40,100.0
Jackwhacker Gulch,CO,0.1,26,92.3076923076923
Sourdough Gulch,WA,0.0,24,100.0
Independence Lake,CA,0.0,46,86.95652173913044
Van Wyck,ID,0.0,23,100.0
Vacas Locas,NM,0.3,22,95.45454545454545
Rough And Tumble,CO,0.1,26,92.3076923076923
Peterson Meadows,MT,0.0,54,88.88888888888889
Lamoille #3,NV,0.0,44,95.45454545454545
Mormon Mountain,AZ,0.0,44,100.0
Nevada Ridge,MT,0.0,30,86.66666666666667
Wilson Creek,ID,0.3,34,100.0
Trinity Mtn.,ID,0.0,44,97.72727272727273
Mancos,CO,0.0,30,90.0
Railroad Overpass,OR,0.0,41,100.0
Darkhorse Lake,MT,0.0,44,75.0
Sherwin,ID,0.0,43,100.0
Ben Lomond Trail,UT,0.0,44,95.45454545454545
Clover Meadow,MT,0.0,46,84.78260869565217
Widtsoe #3,UT,0.0,46,95.65217391304348
Sedgwick Peak,ID,0.0,36,94.44444444444444
Lone Cone,CO,0.0,44,97.72727272727273
Deer Park,WY,0.0,27,85.18518518518519
Thumb Divide,WY,0.0,37,100.0
Copper Camp,MT,0.0,46,86.95652173913044
Crystal Lake,MT,0.0,46,86.95652173913044
Sacajawea,MT,0.0,25,100.0
Roaring River,OR,0.0,44,97.72727272727273
Lily Lake,UT,0.0,43,90.69767441860465
Loveland Basin,CO,0.1,32,81.25
Beaver Divide,UT,0.0,46,95.65217391304348
Farmington,UT,0.0,46,84.78260869565217
Graham Guard Sta.,ID,0.0,44,100.0
Zirkel,CO,0.0,22,95.45454545454545
Apishapa,CO,0.1,44,97.72727272727273
Lone Mountain,MT,0.0,33,84.84848484848484
Bear Canyon,ID,0.3,44,97.72727272727273
Horse Ridge,UT,0.0,46,91.30434782608695
Hidden Lake,ID,0.0,24,95.83333333333334
West Branch,ID,0.0,44,100.0
Lobdell Lake,CA,0.0,46,93.47826086956522
Echo Peak,CA,0.0,44,93.18181818181817
Fallen Leaf,CA,0.0,43,100.0
Savage Pass,ID,0.2,41,97.5609756097561
Santiam Jct.,OR,0.0,46,100.0
Rocky Basin-Settleme,UT,0.0,43,88.37209302325581
Sonora Pass,CA,0.0,46,95.65217391304348
Cascade Summit,OR,0.0,44,97.72727272727273
Bateman,NM,0.0,45,97.77777777777777
Elkhart Park G.S.,WY,0.0,44,84.0909090909091
Park Reservoir,CO,0.0,46,95.65217391304348
Seine Creek,OR,0.2,42,100.0
Gooseberry RS,UT,0.0,45,95.55555555555556
Disaster Peak,NV,0.0,43,97.67441860465115
Salt River Summit,WY,0.0,44,93.18181818181817
Hannagan Meadows,AZ,0.0,43,100.0
Cedar Pass,CA,0.0,46,93.47826086956522
Granite Creek,WY,0.0,37,100.0
Garver Creek,MT,0.0,56,94.64285714285714
Adin Mtn,CA,0.0,40,97.5
Box Canyon,MT,0.0,46,97.82608695652173
Brooklyn Lake,WY,0.0,43,90.69767441860465
New Fork Lake,WY,0.0,39,94.87179487179486
Badger Pass,MT,0.0,45,68.88888888888889
Pigtail Peak,WA,0.2,43,100.0
Quemazon,NM,0.0,44,95.45454545454545
Bourne,OR,0.0,46,100.0
Kolob,UT,0.0,45,95.55555555555556
Marion Forks,OR,0.0,44,100.0
Trial Lake,UT,0.0,46,89.13043478260869
Townsend Creek,WY,0.0,44,88.63636363636364
Gros Ventre Summit,WY,0.0,44,88.63636363636364
Wolf Creek Summit,CO,0.0,38,92.10526315789474
Twin Lakes,MT,0.0,57,92.98245614035088
Trout Creek,UT,0.0,46,91.30434782608695
Whiskey Creek,MT,0.0,53,94.33962264150944
Dome Lake,WY,0.0,46,76.08695652173914
Trapper Lake,CO,0.0,39,94.87179487179486
Agua Canyon,UT,0.0,30,100.0
Schwartz Lake,ID,0.0,29,93.10344827586206
Niwot,CO,0.1,44,90.9090909090909
New Crescent Lake,OR,0.0,44,100.0
Lamance Creek,NV,0.0,43,97.67441860465115
Greenpoint,OR,0.0,45,100.0
Port Graham,AK,0.0,24,100.0
Trinchera,CO,0.1,35,97.14285714285714
Roach,CO,0.0,44,86.36363636363636
Css Lab,CA,0.0,41,97.5609756097561
El Diente Peak,CO,0.0,38,100.0
Santa Fe,NM,0.1,28,96.42857142857143
Bogus Basin,ID,0.0,25,100.0
Slug Creek Divide,ID,0.0,44,97.72727272727273
Shell Creek,WY,0.0,46,63.04347826086957
Heavenly Valley,CA,0.0,46,91.30434782608695
Blewett Pass,WA,0.0,43,100.0
Columbus Basin,CO,0.0,30,93.33333333333333
Blazed Alder,OR,0.0,43,100.0
Wildhorse Divide,ID,0.0,43,100.0
Puhi Flat,ID,0.0,43,97.67441860465115
Big Goose,WY,0.0,26,80.76923076923077
Box Creek,UT,0.0,45,93.33333333333333
Happy Jack,AZ,0.0,25,96.0
Lily Pond,CO,0.0,44,95.45454545454545
South Brush Creek,WY,0.0,44,100.0
Red Hill,OR,0.3,46,100.0
Burnt Mtn,MT,0.0,24,87.5
Younts Peak,WY,0.0,42,80.95238095238095
Peavine Ridge,OR,0.0,43,100.0
Columbine Pass,CO,0.1,38,94.73684210526315
Tizer Basin,MT,0.0,36,97.22222222222221
Bunchgrass Mdw,WA,0.1,42,97.61904761904762
Glen Cove,CO,0.4,20,95.0
Stump Lakes,CO,0.0,38,92.10526315789474
Pine Creek,UT,0.0,39,92.3076923076923
East Willow Creek,UT,0.0,38,100.0
Lyman Lake,WA,0.0,42,90.47619047619048
Hoodoo Basin,MT,0.0,58,93.10344827586206
Seventysix Creek,NV,0.0,46,100.0
Upper Chena,AK,0.1,24,70.83333333333334
Horse Meadow,CA,0.0,21,95.23809523809523
Spur Park,MT,0.0,58,68.96551724137932
Annie Springs,OR,0.0,24,95.83333333333334
Chemult Alternate,OR,0.0,44,100.0
Taylor Green,OR,0.0,45,100.0
Divide,MT,0.0,49,89.79591836734694
High Ridge,OR,0.0,46,100.0
Cougar Mountain,WA,0.6,43,100.0
Corral Canyon,NV,0.0,46,91.30434782608695
Sevenmile Marsh,OR,0.0,44,97.72727272727273
Marlette Lake,NV,0.0,46,95.65217391304348
Hole-in-Mountain,NV,0.0,38,97.36842105263158
Beartown,CO,0.2,42,92.85714285714286
Schneider Meadows,OR,0.0,43,100.0
Summer Rim,OR,0.0,46,97.82608695652173
Moose Creek,ID,0.1,43,100.0
Monument Peak,MT,0.0,44,77.27272727272727
Myrtle Creek,ID,0.0,21,100.0
Blue Lakes,CA,0.0,44,93.18181818181817
Clear Lake,OR,0.0,44,100.0
Waldron,MT,0.0,56,89.28571428571429
Lemhi Ridge,MT,0.0,49,89.79591836734694
Merchant Valley,UT,0.0,44,93.18181818181817
Evening Star,WY,0.0,42,88.09523809523809
Steel Creek Park,UT,0.0,46,82.6086956521739
Sentinel Butte,WA,0.0,21,100.0
Bear Basin,ID,0.0,44,100.0
Hickerson Park,UT,0.0,39,94.87179487179486
Snow Mountain,OR,0.0,46,100.0
Schweitzer Basin,ID,0.0,43,95.34883720930233
Kiln,CO,0.0,44,97.72727272727273
Bear Mountain,ID,0.0,44,97.72727272727273
Dollarhide Summit,ID,0.2,43,95.34883720930233
Elk River,CO,0.1,46,97.82608695652173
Indian Creek,WY,0.0,44,88.63636363636364
Kelley R.S.,WY,0.0,44,90.9090909090909
Seeley Creek,UT,0.0,44,95.45454545454545
Burro Mountain,CO,0.0,45,100.0
Beaver Pass,WA,0.0,23,100.0
Long Valley,ID,0.0,23,100.0
Lynx Pass,CO,0.2,44,97.72727272727273
Carrot Basin,MT,0.0,58,72.41379310344827
Bald Mtn.,WY,0.0,46,60.86956521739131
Laprele Creek,WY,0.2,42,88.09523809523809
Strawberry,OR,0.0,44,100.0
Independence Creek,CA,0.0,44,100.0
Moscow Mountain,ID,0.0,24,100.0
Owl Creek,WY,0.0,44,79.54545454545455
Mineral Creek,CO,0.0,46,97.82608695652173
Lookout,ID,0.1,43,100.0
Deadwood Summit,ID,0.2,44,95.45454545454545
Red Pine Ridge,UT,0.0,46,95.65217391304348
East Rim Divide,WY,0.0,39,97.43589743589743
Diamond Peak,NV,0.0,41,97.5609756097561
Indian Pass,AK,0.0,45,82.22222222222221
Tepee Creek,MT,0.0,53,90.56603773584906
Parrish Creek,UT,0.0,25,100.0
Sasse Ridge,WA,0.1,40,100.0
Temple Fork,UT,0.0,22,100.0
Grayback,CO,0.0,20,95.0
Surprise Lakes,WA,0.0,45,97.77777777777777
South Colony,CO,0.1,33,90.9090909090909
Laurel Draw,NV,0.0,44,97.72727272727273
Ebbetts Pass,CA,0.0,46,91.30434782608695
N Fk Elk Creek,MT,0.0,57,94.73684210526315
Silvies,OR,0.0,45,93.33333333333333
Franklin Basin,ID,0.0,44,90.9090909090909
Virginia Lakes Ridge,CA,0.0,46,91.30434782608695
Big Flat,UT,0.0,45,95.55555555555556
Wood Creek,MT,0.0,46,93.47826086956522
Sylvan Lake,WY,0.0,44,81.81818181818183
Thaynes Canyon,UT,0.0,36,97.22222222222221
Black Flat-U.M. Ck,UT,0.0,44,97.72727272727273
Rainy Pass,WA,0.0,42,100.0
Pine Creek Pass,ID,0.0,36,100.0
Hilts Creek,ID,0.0,44,97.72727272727273
Elbow Lake,WA,0.0,29,100.0
Summit Creek,AK,0.0,35,97.14285714285714
Brundage Reservoir,ID,0.0,38,100.0
Culebra #2,CO,0.0,45,95.55555555555556
Vernon Creek,UT,0.0,46,97.82608695652173
Wolf Creek,OR,0.0,46,97.82608695652173
Hayden Fork,UT,0.0,46,93.47826086956522
Rock Springs,OR,0.0,44,100.0
Hoosier Pass,CO,0.0,44,86.36363636363636
Ripple Creek,CO,0.0,38,94.73684210526315
Lakefork Basin,UT,0.0,35,88.57142857142857
Tahoe City Cross,CA,0.0,43,97.67441860465115
Brackett Creek,MT,0.0,30,80.0
Joe Wright,CO,0.2,46,89.13043478260869
Trough,WA,0.0,46,100.0
Lightning Ridge,UT,0.0,20,100.0
North Fork,OR,0.1,46,100.0
Burgess Junction,WY,0.0,43,79.06976744186046
Battle Mountain,WY,0.2,39,97.43589743589743
Anchor River Divide,AK,0.0,33,100.0
Beaver Dams,UT,0.0,44,95.45454545454545
Mowich,WA,0.3,26,100.0
Twelvemile Creek,MT,0.0,57,98.24561403508771
Rubicon #2,CA,0.0,44,97.72727272727273
Shower Falls,MT,0.0,59,71.1864406779661
Mt. Alyeska,AK,0.0,47,97.87234042553192
Long Valley Jct,UT,0.0,38,100.0
Gold Center,OR,0.0,44,100.0
Mckenzie,OR,0.0,43,97.67441860465115
Timpanogos Divide,UT,0.0,46,93.47826086956522
Independence Pass,CO,0.1,44,95.45454545454545
Webster Flat,UT,0.0,44,97.72727272727273
Porphyry Creek,CO,0.0,46,95.65217391304348
Grouse Camp,WA,0.0,42,95.23809523809523
Mill-D North,UT,0.0,36,97.22222222222221
Ward Creek #3,CA,0.0,45,95.55555555555556
White Pass E.S.,WA,0.0,43,100.0
Wolverine,WY,0.0,44,97.72727272727273
Spencer Meadow,WA,0.0,41,97.5609756097561
Cascade #2,CO,0.0,34,100.0
Ben Lomond Peak,UT,0.0,46,95.65217391304348
Independence Camp,CA,0.0,46,100.0
Divide Peak,WY,0.2,44,93.18181818181817
Black Pine,MT,0.0,59,94.91525423728814
Mosquito Ridge,ID,0.0,43,100.0
Deadman Creek,MT,0.0,57,100.0
Whiskey Park,WY,0.0,38,94.73684210526315
Stevens Pass,WA,0.0,44,100.0
Sheldon,NV,0.0,35,100.0
Ute Creek,CO,0.0,24,95.83333333333334
Dupuyer Creek,MT,0.0,41,78.04878048780488
Olallie Meadows,WA,0.0,42,97.61904761904762
Vail Mountain,CO,0.2,46,93.47826086956522
Middle Creek,CO,0.1,44,93.18181818181817
North Fork Jocko,MT,0.0,35,91.42857142857143
MF Nooksack,WA,0.0,22,95.45454545454545
Arapaho Ridge,CO,0.0,22,90.9090909090909
Sunset,ID,2.9,43,100.0
Big Meadow,NV,0.0,41,95.1219512195122
Onion Park,MT,0.0,23,95.65217391304348
Bug Lake,UT,0.0,46,91.30434782608695
Jump Off Joe,OR,0.0,46,100.0
Granite Crk,AK,0.0,36,83.33333333333334
Senorita Divide #2,NM,0.0,44,97.72727272727273
Hemlock Butte,ID,0.2,41,97.5609756097561
Never Summer,CO,2.2,22,100.0
Galena Summit,ID,0.0,43,93.02325581395348
Lower Twin,MT,0.0,44,81.81818181818183
Grandview,AK,0.0,33,96.96969696969697
Buckskin Joe,CO,0.1,25,88.0
Forestdale Creek,CA,0.0,21,100.0
Noisy Basin,MT,0.0,50,82.0
Mountain Meadows,ID,0.0,44,93.18181818181817
Green Mountain,NV,0.0,44,90.9090909090909
Saddle Mtn.,MT,0.0,57,84.21052631578947
Reno Hill,WY,0.4,42,83.33333333333334
Kings Cabin,UT,0.0,46,93.47826086956522
Mt. Howard,OR,0.0,44,90.9090909090909
Howell Canyon,ID,0.0,44,97.72727272727273
Tie Creek,WY,0.0,30,86.66666666666667
Fry,AZ,0.0,44,100.0
White River #1,UT,0.0,45,97.77777777777777
Bear Lake,CO,0.1,44,90.9090909090909
Barker Lakes,MT,0.0,45,73.33333333333333
Lake Creek R.S.,OR,0.0,46,100.0
Kenai Moose Pens,AK,0.0,36,100.0
Workman Creek,AZ,0.0,44,97.72727272727273
Loomis Park,WY,0.0,44,93.18181818181817
Alpine Meadows,WA,0.0,30,100.0
Lakefork #1,UT,0.0,46,93.47826086956522
Mt. Ryan,AK,0.0,43,76.74418604651163
Truckee #2,CA,0.0,44,100.0
Echo Lake,CO,0.1,26,88.46153846153845
Banfield Mountain,MT,0.0,56,92.85714285714286
Bettles Field,AK,0.1,44,88.63636363636364
Emigrant Summit,ID,0.2,43,97.67441860465115
Hopewell,NM,0.0,45,95.55555555555556
South Pass,WY,0.0,39,87.17948717948718
Crowder Flat,CA,0.0,25,100.0
Mud Ridge,OR,0.0,45,100.0
Marquette,WY,0.0,44,84.0909090909091
Nez Perce Camp,MT,0.0,48,97.91666666666666
Pope Ridge,WA,0.0,43,100.0
Snake River Station,WY,0.0,35,100.0
Mcknight Cabin,NM,0.0,21,95.23809523809523
Lewis Lake Divide,WY,0.0,44,97.72727272727273
Lizard Head Pass,CO,0.0,44,97.72727272727273
Bigelow Camp,OR,0.0,44,97.72727272727273
Snowbird,UT,0.0,35,94.28571428571428
Windy Peak,WY,0.0,42,88.09523809523809
Crazyman Flat,OR,0.0,23,100.0
Chepeta,UT,0.0,44,90.9090909090909
Daisy Peak,MT,0.0,29,75.86206896551724
Rabbit Ears,CO,0.0,38,94.73684210526315
Snowslide Canyon,AZ,0.0,27,96.29629629629629
Starr Ridge,OR,0.0,44,100.0
Mount Lockhart,MT,0.0,56,82.14285714285714
Little Chena Ridge,AK,0.0,43,79.06976744186046
Short Creek,MT,0.0,36,94.44444444444444
Harts Pass,WA,0.0,42,95.23809523809523
Waterhole,WA,0.0,25,100.0
Upper Wheeler,WA,0.0,43,97.67441860465115
Jackson Peak,ID,0.0,43,100.0
Moss Peak,MT,0.0,39,84.61538461538461
Fisher Creek,MT,0.0,58,79.3103448275862
Porcupine,MT,0.0,48,97.91666666666666
Copper Bottom,MT,0.0,46,97.82608695652173
Lookout Mountain,NM,0.0,43,100.0
Hogg Pass,OR,0.0,45,95.55555555555556
Soldier R.S.,ID,0.0,38,100.0
Stahl Peak,MT,0.0,49,79.59183673469387
Combination,MT,0.0,52,98.07692307692307
Signal Peak,NM,0.4,44,100.0
Grave Creek,MT,0.0,49,97.95918367346938
Beaver Ck Village,CO,0.0,21,95.23809523809523
Cozy Cove,ID,0.0,44,97.72727272727273
Willow Park,CO,0.0,44,93.18181818181817
Idarado,CO,0.0,44,100.0
Flattop Mtn.,MT,0.0,55,76.36363636363637
Warm Springs,MT,0.0,47,74.46808510638297
June Lake,WA,0.0,40,100.0
Saddle Mountain,OR,0.0,45,100.0
Humboldt Gulch,ID,0.0,43,100.0
Rock Creek,UT,0.0,44,97.72727272727273
Cold Springs,WY,0.0,41,87.8048780487805
Shanghi Summit,ID,0.0,41,100.0
Crab Creek,ID,0.0,43,97.67441860465115
Coldfoot,AK,0.0,29,75.86206896551724
Parleys Summit,UT,0.0,46,95.65217391304348
Nast Lake,CO,0.0,39,100.0
Paradise,WA,0.0,42,95.23809523809523
Sylvan Road,WY,0.0,37,100.0
Monitor Pass,CA,0.0,34,100.0
Mccoy Park,CO,0.0,21,100.0
Whiskey Ck,CO,0.0,44,95.45454545454545
Long Flat,UT,0.0,44,100.0
Baldy,AZ,0.0,44,100.0
Brighton,UT,0.0,38,94.73684210526315
Palisades Tahoe,CA,0.0,44,95.45454545454545
Midway Valley,UT,0.0,44,93.18181818181817
Leavitt Meadows,CA,0.0,44,100.0
Salt Creek Falls,OR,0.2,44,100.0
Mammoth-Cottonwood,UT,0.0,45,93.33333333333333
Vienna Mine,ID,0.0,43,95.34883720930233
Stampede Pass,WA,0.1,42,100.0
Mill Creek Summit,ID,0.1,43,88.37209302325581
Wildcat,AZ,0.0,40,100.0
Big Red Mountain,OR,0.0,44,97.72727272727273
Gardner Peak,UT,0.0,20,100.0
University Camp,CO,0.0,45,91.11111111111111
Hams Fork,WY,0.0,39,97.43589743589743
Stickney Mill,ID,0.0,44,100.0
Blind Bull Sum,WY,0.0,44,84.0909090909091
