Name,ID,State,Network,County,Elevation_ft,Latitude,Longitude,HUC
Alexander Lake,"1267	",Alaska,SNOTEL,Matanuska-Susitna,160,61.74967,-150.88967,"190205051106	"
American Creek,"1189	",Alaska,SNOTEL,Southeast Fairbanks,1050,64.78969,-141.23376,"190705050504	"
Anchor River Divide,"1062	",Alaska,SNOTEL,Kenai Peninsula,1653,59.85972,-151.315,"190203010701	"
Anchorage Hillside,"1070	",Alaska,SNOTEL,Anchorage,2080,61.11483,-149.66683,"190204010601	"
Aniak,"2065	",Alaska,SNOTEL,Bethel,80,61.58337,-159.57708,"190305020504	"
Bettles Field,"1182	",Alaska,SNOTEL,Yukon-Koyukuk,640,66.91667,-151.53333,"190901012604	"
Chena Lakes,"1260	",Alaska,SNOTEL,Fairbanks North Star,500,64.75793,-147.21823,"190803060901	"
Chisana,"1093	",Alaska,SNOTEL,Valdez-Cordova,3320,62.069,-142.049,"190803010305	"
Coldfoot,"958	",Alaska,SNOTEL,Yukon-Koyukuk,1040,67.25333,-150.183,"190901010604	"
Cooper Lake,"959	",Alaska,SNOTEL,Kenai Peninsula,1200,60.39027,-149.6936,"190203021205	"
Creamers Field,"1302	",Alaska,SNOTEL,Fairbanks North Star,440,64.86534,-147.73617,"190803060907	"
Dahl Creek,"1303	",Alaska,SNOTEL,Northwest Arctic,260,66.94517,-156.90318,"190503021508	"
Elmendorf Field,"1332	",Alaska,SNOTEL,Anchorage,170,61.24777,-149.82331,"190204010404	"
Exit Glacier,"1092	",Alaska,SNOTEL,Kenai Peninsula,400,60.19033,-149.62117,"190202020508	"
Fielding Lake,"1268	",Alaska,SNOTEL,Valdez-Cordova,3000,63.20267,-145.6305,"190803040302	"
Flower Mountain,"1285	",Alaska,SNOTEL,Haines,2510,59.39617,-136.28123,"190103031206	"
Frostbite Bottom,"641	",Alaska,SNOTEL,Matanuska-Susitna,2700,61.74722,-149.2688,"190205051202	"
Galena AK,"429	",Alaska,SNOTEL,Yukon-Koyukuk,410,64.69662,-156.71497,"190902051104	"
Grandview,"956	",Alaska,SNOTEL,Kenai Peninsula,1100,60.60832,-149.06313,"190203021001	"
Granite Crk,"963	",Alaska,SNOTEL,Southeast Fairbanks,1240,63.94382,-145.39993,"190803031306	"
Grouse Creek Divide,"964	",Alaska,SNOTEL,Kenai Peninsula,700,60.25965,-149.34228,"190203020902	"
Gulkana River,"2222	",Alaska,SNOTEL,Valdez-Cordova,1830,62.40962,-145.37513,"190201020604	"
Heen Latinee,"1270	",Alaska,SNOTEL,Juneau,2065,58.69652,-134.86448,"190103010401	"
Hoonah,"1318	",Alaska,SNOTEL,Hoonah-Angoon,1550,58.12411,-135.413,"190102110906	"
Independence Mine,"1091	",Alaska,SNOTEL,Matanuska-Susitna,3550,61.79001,-149.2839,"190205051202	"
Indian Pass,"946	",Alaska,SNOTEL,Anchorage,2350,61.06767,-149.4795,"190204010402	"
Jack Wade Jct,"1275	",Alaska,SNOTEL,Southeast Fairbanks,3585,64.1529,-141.32693,"190705022204	"
Kantishna,"1072	",Alaska,SNOTEL,Denali,1550,63.54167,-150.994,"190803101805	"
Kelly Station,"1175	",Alaska,SNOTEL,Northwest Arctic,310,67.93333,-162.28333,"190504030802	"
Kenai Moose Pens,"966	",Alaska,SNOTEL,Kenai Peninsula,300,60.727,-150.47517,"190203021601	"
Little Chena Ridge,"947	",Alaska,SNOTEL,Fairbanks North Star,2000,65.12422,-146.7339,"190803060706	"
Long Lake,"1001	",Alaska,SNOTEL,Juneau,850,58.186,-133.83217,"190102060505	"
Look Eyrie,"768	",Alaska,SNOTEL,Southeast Fairbanks,5040,63.32192,-145.59655,"190803040504	"
May Creek,"1096	",Alaska,SNOTEL,Valdez-Cordova,1610,61.34783,-142.70967,"190201031603	"
McGrath,"785	",Alaska,SNOTEL,Yukon-Koyukuk,340,62.94652,-155.6102,"190304050502	"
Mcneil Canyon,"1003	",Alaska,SNOTEL,Kenai Peninsula,1320,59.74433,-151.25133,"190203010806	"
Monahan Flat,"1094	",Alaska,SNOTEL,Matanuska-Susitna,2710,63.30533,-147.64633,"190205010304	"
Monument Creek,"949	",Alaska,SNOTEL,Fairbanks North Star,1850,65.07833,-145.87067,"190803060402	"
Moraine,"1035	",Alaska,SNOTEL,Anchorage,2100,61.37727,-148.99917,"190204010103	"
Mt. Alyeska,"1103	",Alaska,SNOTEL,Anchorage,1540,60.95983,-149.08617,"190203020702	"
Mt. Eyak,"1073	",Alaska,SNOTEL,Valdez-Cordova,1405,60.55,-145.745,"190202010200	"
Mt. Ryan,"948	",Alaska,SNOTEL,Fairbanks North Star,2800,65.25113,-146.15133,"190803060404	"
Munson Ridge,"950	",Alaska,SNOTEL,Fairbanks North Star,3100,64.85033,-146.20945,"190803060602	"
Paradise Hill,"1301	",Alaska,SNOTEL,Southeast Fairbanks,2010,62.83329,-141.40918,"190803010807	"
Pilgrim Hot Springs,"1327	",Alaska,SNOTEL,Nome,20,65.09455,-164.92472,"190501050702	"
Port Graham,"987	",Alaska,SNOTEL,Kenai Peninsula,300,59.35065,-151.84768,"190203011208	"
Seven Mile,"1330	",Alaska,SNOTEL,Yukon-Koyukuk,660,65.93772,-149.8631,"190804040306	"
Summit Creek,"955	",Alaska,SNOTEL,Kenai Peninsula,1400,60.61713,-149.53128,"190203020401	"
Susitna Valley High,"967	",Alaska,SNOTEL,Matanuska-Susitna,375,62.13333,-150.04167,"190205050105	"
Telaquana Lake,"1266	",Alaska,SNOTEL,Bethel,1275,60.98243,-153.91772,"190304052303	"
Teuchet Creek,"951	",Alaska,SNOTEL,Fairbanks North Star,1640,64.94583,-145.51667,"190803060301	"
Tok,"2080	",Alaska,SNOTEL,Southeast Fairbanks,1630,63.3532,-142.98164,"190803020903	"
Tokositna Valley,"1089	",Alaska,SNOTEL,Matanuska-Susitna,850,62.63,-150.77617,"190205020903	"
Turnagain Pass,"954	",Alaska,SNOTEL,Kenai Peninsula,1880,60.78043,-149.18325,"190203020406	"
Upper Chena,"952	",Alaska,SNOTEL,Fairbanks North Star,2850,65.1,-144.93317,"190803060102	"
Upper Nome Creek,"1090	",Alaska,SNOTEL,Yukon-Koyukuk,2520,65.3671,-146.592,"190804020304	"
Upper Tsaina River,"1055	",Alaska,SNOTEL,Valdez-Cordova,1750,61.19112,-145.64807,"190201040203	"
Baker Butte,"308	",Arizona,SNOTEL,Coconino,7363,34.45654,-111.40651,"150602030206	"
Baker Butte Smt,"1140	",Arizona,SNOTEL,Coconino,7752,34.45552,-111.38262,"150602030103	"
Baldy,"310	",Arizona,SNOTEL,Apache,9221,33.97845,-109.50357,"150200010203	"
Bar M,"1212	",Arizona,SNOTEL,Coconino,6397,34.86142,-111.60497,"150602020601	"
Beaver Head,"902	",Arizona,SNOTEL,Greenlee,8076,33.69115,-109.21685,"150601010107	"
Beaver Spring,"1143	",Arizona,SNOTEL,Apache,9255,36.32671,-109.05702,"140802040401	"
Chalender,"1139	",Arizona,SNOTEL,Coconino,7035,35.26238,-112.06221,"150602020305	"
Coronado Trail,"416	",Arizona,SNOTEL,Apache,8418,33.80418,-109.15352,"150400040501	"
Fort Valley,"1121	",Arizona,SNOTEL,Coconino,7371,35.26773,-111.74479,"150200150102	"
Fry,"488	",Arizona,SNOTEL,Coconino,7236,35.07356,-111.84477,"150602020501	"
Hannagan Meadows,"511	",Arizona,SNOTEL,Greenlee,9027,33.65352,-109.30877,"150601010107	"
Happy Jack,"969	",Arizona,SNOTEL,Coconino,7539,34.74594,-111.41219,"150602020604	"
Hawley Lake,"1271	",Arizona,SNOTEL,Apache,8314,33.97121,-109.76531,"150601020106	"
Heber,"519	",Arizona,SNOTEL,Coconino,7650,34.31254,-110.75433,"150200100201	"
Maverick Fork,"617	",Arizona,SNOTEL,Apache,9220,33.92123,-109.45872,"150601010104	"
Mormon Mountain,"640	",Arizona,SNOTEL,Coconino,7500,34.94141,-111.51864,"150200150201	"
Mormon Mtn Summit,"1125	",Arizona,SNOTEL,Coconino,8462,34.96942,-111.50868,"150200150202	"
Nutrioso,"1127	",Arizona,SNOTEL,Apache,8571,33.89791,-109.15465,"150400040301	"
Promontory,"705	",Arizona,SNOTEL,Coconino,7942,34.36848,-111.01088,"150200080306	"
Snowslide Canyon,"927	",Arizona,SNOTEL,Coconino,9744,35.34179,-111.65084,"150200160201	"
White Horse Lake,"861	",Arizona,SNOTEL,Coconino,7203,35.14189,-112.14966,"150602020204	"
Wildcat,"866	",Arizona,SNOTEL,Apache,7868,33.74347,-109.48078,"150601010109	"
Workman Creek,"877	",Arizona,SNOTEL,Gila,7032,33.81259,-110.91852,"150601030802	"
Adin Mtn,"301	",California,SNOTEL,Modoc,6190,41.23583,-120.79192,"180200021403	"
Blue Lakes,"356	",California,SNOTEL,Alpine,8067,38.60801,-119.92455,"180400120101	"
Burnside Lake,"1051	",California,SNOTEL,Alpine,8129,38.71943,-119.8942,"160502010107	"
Carson Pass,"1067	",California,SNOTEL,Alpine,8355,38.6927,-120.0022,"180201290101	"
Cedar Pass,"391	",California,SNOTEL,Modoc,7030,41.58233,-120.3025,"180200020603	"
Crowder Flat,"977	",California,SNOTEL,Modoc,5170,41.89318,-120.75202,"180102040103	"
Css Lab,"428	",California,SNOTEL,Nevada,6894,39.32565,-120.36807,"180201250602	"
Dismal Swamp,"446	",California,SNOTEL,Modoc,7360,41.99127,-120.18033,"171200070304	"
Ebbetts Pass,"462	",California,SNOTEL,Alpine,8661,38.5497,-119.80468,"160502010104	"
Echo Peak,"463	",California,SNOTEL,El Dorado,7653,38.849,-120.0795,"160501010303	"
Fallen Leaf,"473	",California,SNOTEL,El Dorado,6242,38.93403,-120.0545,"160501010401	"
Forestdale Creek,"1049	",California,SNOTEL,Alpine,8017,38.68245,-119.9597,"160502010301	"
Fredonyer Peak,"1277	",California,SNOTEL,Lassen,7208,40.68799,-120.60805,"180800030304	"
Hagans Meadow,"508	",California,SNOTEL,El Dorado,7742,38.8519,-119.9374,"160501010302	"
Heavenly Valley,"518	",California,SNOTEL,El Dorado,8534,38.92431,-119.91641,"160501010302	"
Horse Meadow,"1050	",California,SNOTEL,Alpine,8557,38.83652,-119.88732,"160502010302	"
Independence Camp,"539	",California,SNOTEL,Sierra,6980,39.45269,-120.29367,"160501020102	"
Independence Creek,"540	",California,SNOTEL,Sierra,6436,39.49001,-120.28226,"160501020102	"
Independence Lake,"541	",California,SNOTEL,Nevada,8338,39.42752,-120.31342,"160501020104	"
Leavitt Lake,"574	",California,SNOTEL,Mono,9604,38.27594,-119.61281,"160503020104	"
Leavitt Meadows,"575	",California,SNOTEL,Mono,7198,38.30367,-119.55111,"160503020104	"
Lobdell Lake,"587	",California,SNOTEL,Mono,9249,38.43745,-119.36572,"160503020201	"
Lost Lakes,"1331	",California,SNOTEL,Alpine,8640,38.64745,-119.95141,"160502010301	"
Monitor Pass,"633	",California,SNOTEL,Alpine,8306,38.6683,-119.6087,"160502010201	"
Palisades Tahoe,"784	",California,SNOTEL,Placer,8013,39.18986,-120.26576,"160501020202	"
Poison Flat,"697	",California,SNOTEL,Alpine,7736,38.50576,-119.62624,"160502010102	"
Rubicon #2,"724	",California,SNOTEL,El Dorado,7619,38.99927,-120.13139,"160501010402	"
Sonora Pass,"771	",California,SNOTEL,Mono,8770,38.31021,-119.6003,"160503020104	"
Spratt Creek,"778	",California,SNOTEL,Alpine,6063,38.66627,-119.81741,"160502010107	"
State Line,"1258	",California,SNOTEL,Modoc,5680,41.98609,-120.71574,"180102040201	"
Summit Meadow,"1052	",California,SNOTEL,Mono,9313,38.39747,-119.53522,"160503020203	"
Tahoe City Cross,"809	",California,SNOTEL,Placer,6797,39.17162,-120.15362,"160501010101	"
Truckee #2,"834	",California,SNOTEL,Placer,6509,39.30087,-120.18407,"160501020204	"
Virginia Lakes Ridge,"846	",California,SNOTEL,Mono,9400,38.07298,-119.23433,"160503010103	"
Ward Creek #3,"848	",California,SNOTEL,Placer,6745,39.13545,-120.21865,"160501010403	"
Willow Flat CA,"1317	",California,SNOTEL,Mono,8215,38.27203,-119.45124,"160503020103	"
Apishapa,"303	",Colorado,SNOTEL,Huerfano,10027,37.33067,-105.06766,"110200060406	"
Arapaho Ridge,"1030	",Colorado,SNOTEL,Grand,10976,40.35098,-106.38141,"140100010604	"
Bear Lake,"322	",Colorado,SNOTEL,Larimer,9522,40.31176,-105.6467,"101900060201	"
Bear River,"1061	",Colorado,SNOTEL,Routt,9112,40.06152,-107.00948,"140500010102	"
Beartown,"327	",Colorado,SNOTEL,San Juan,11600,37.71433,-107.5124,"130100010104	"
Beaver Ck Village,"1041	",Colorado,SNOTEL,Eagle,8565,39.59871,-106.51113,"140100030301	"
Berthoud Summit,"335	",Colorado,SNOTEL,Grand,11314,39.80364,-105.77786,"140100010202	"
Bison Lake,"345	",Colorado,SNOTEL,Garfield,10964,39.76458,-107.35628,"140100011401	"
Black Mesa,"1185	",Colorado,SNOTEL,Dolores,11564,37.78968,-108.18376,"140300020103	"
Black Mountain,"1161	",Colorado,SNOTEL,Larimer,8980,40.8879,-105.66404,"101900070501	"
Brumley,"369	",Colorado,SNOTEL,Lake,10594,39.08758,-106.54231,"110200010101	"
Buckskin Joe,"938	",Colorado,SNOTEL,Park,11166,39.30378,-106.11316,"101900010102	"
Buffalo Park,"913	",Colorado,SNOTEL,Grand,9249,40.22838,-106.5962,"140100010706	"
Burro Mountain,"378	",Colorado,SNOTEL,Rio Blanco,9317,39.87504,-107.59902,"140500050302	"
Butte,"380	",Colorado,SNOTEL,Gunnison,10200,38.89435,-106.95327,"140200010206	"
Cascade #2,"387	",Colorado,SNOTEL,San Juan,9012,37.65751,-107.80287,"140801040201	"
Castle Peak,"1326	",Colorado,SNOTEL,Pitkin,11500,39.00074,-106.83912,"140100040202	"
Chapman Tunnel,"1101	",Colorado,SNOTEL,Pitkin,10100,39.2621,-106.62944,"140100040504	"
Cochetopa Pass,"1059	",Colorado,SNOTEL,Saguache,10061,38.16273,-106.5988,"130100040203	"
Columbine,"408	",Colorado,SNOTEL,Jackson,9167,40.39591,-106.60437,"101800010102	"
Columbine Pass,"409	",Colorado,SNOTEL,Montrose,9171,38.41819,-108.38313,"140200050202	"
Columbus Basin,"904	",Colorado,SNOTEL,La Plata,10781,37.44146,-108.02468,"140801050101	"
Copeland Lake,"412	",Colorado,SNOTEL,Boulder,8555,40.20733,-105.5695,"101900050202	"
Copper Mountain,"415	",Colorado,SNOTEL,Summit,10523,39.48917,-106.17154,"140100020302	"
Crosho,"426	",Colorado,SNOTEL,Rio Blanco,8973,40.16749,-107.05769,"140500010106	"
Culebra #2,"430	",Colorado,SNOTEL,Costilla,10562,37.20939,-105.19988,"130100020902	"
Cumbres Trestle,"431	",Colorado,SNOTEL,Conejos,10035,37.01877,-106.45275,"130201020203	"
Deadman Hill,"438	",Colorado,SNOTEL,Larimer,10239,40.80572,-105.77018,"101900070502	"
Dry Lake,"457	",Colorado,SNOTEL,Routt,8271,40.5337,-106.7814,"140500010409	"
Echo Lake,"936	",Colorado,SNOTEL,Clear Creek,10694,39.65539,-105.59358,"101900020801	"
El Diente Peak,"465	",Colorado,SNOTEL,Dolores,10217,37.78607,-108.02235,"140300020202	"
Elk River,"467	",Colorado,SNOTEL,Routt,8739,40.84758,-106.96861,"140500010206	"
Elkhead Divide,"1252	",Colorado,SNOTEL,Routt,8800,40.79637,-107.10113,"140500010601	"
Elliot Ridge,"1120	",Colorado,SNOTEL,Summit,10549,39.8638,-106.42473,"140100020602	"
Elwood Pass,"1325	",Colorado,SNOTEL,Rio Grande,11680,37.40563,-106.64136,"130100020302	"
Fool Creek,"1186	",Colorado,SNOTEL,Grand,11156,39.86866,-105.86765,"140100010203	"
Fremont Pass,"485	",Colorado,SNOTEL,Summit,11326,39.38014,-106.19784,"140100020301	"
Glen Cove,"1057	",Colorado,SNOTEL,Teller,11391,38.87602,-105.07605,"110200030201	"
Grayback,"1058	",Colorado,SNOTEL,Rio Grande,11626,37.47051,-106.5379,"130100020101	"
Grizzly Peak,"505	",Colorado,SNOTEL,Summit,11139,39.64646,-105.8694,"140100020201	"
Hayden Pass,"1102	",Colorado,SNOTEL,Saguache,10699,38.29303,-105.85027,"130100030301	"
High Lonesome,"1187	",Colorado,SNOTEL,Grand,10638,40.0359,-105.75472,"140100010205	"
Hoosier Pass,"531	",Colorado,SNOTEL,Summit,11611,39.36092,-106.05999,"101900010102	"
Hourglass Lake,"1122	",Colorado,SNOTEL,Larimer,9417,40.57717,-105.62584,"101900070101	"
Idarado,"538	",Colorado,SNOTEL,Ouray,9812,37.93389,-107.6762,"140200060201	"
Independence Pass,"542	",Colorado,SNOTEL,Pitkin,10598,39.07543,-106.61154,"140100040101	"
Ivanhoe,"547	",Colorado,SNOTEL,Pitkin,10541,39.29228,-106.54907,"140100040501	"
Jackwhacker Gulch,"935	",Colorado,SNOTEL,Clear Creek,11054,39.57096,-105.80355,"101900020201	"
Joe Wright,"551	",Colorado,SNOTEL,Larimer,10158,40.53285,-105.88747,"101900070204	"
Jones Pass,"970	",Colorado,SNOTEL,Grand,10426,39.7645,-105.90655,"140100010402	"
Kiln,"556	",Colorado,SNOTEL,Pitkin,9624,39.3172,-106.61501,"140100040504	"
Lake Eldora,"564	",Colorado,SNOTEL,Boulder,9728,39.93659,-105.59031,"101900050402	"
Lake Irene,"565	",Colorado,SNOTEL,Grand,10682,40.41446,-105.81941,"140100010302	"
Lily Pond,"580	",Colorado,SNOTEL,Conejos,11069,37.38028,-106.54823,"130100020302	"
Lizard Head Pass,"586	",Colorado,SNOTEL,Dolores,10193,37.79895,-107.92475,"140300020201	"
Lone Cone,"589	",Colorado,SNOTEL,San Miguel,9755,37.89169,-108.19636,"140300030302	"
Long Draw Resv,"1123	",Colorado,SNOTEL,Larimer,10008,40.51154,-105.7654,"101900070203	"
Lost Dog,"940	",Colorado,SNOTEL,Routt,9327,40.81557,-106.74833,"140500010203	"
Loveland Basin,"602	",Colorado,SNOTEL,Clear Creek,11427,39.67428,-105.90264,"101900040102	"
Lynx Pass,"607	",Colorado,SNOTEL,Routt,8919,40.07832,-106.67095,"140100011001	"
Mancos,"905	",Colorado,SNOTEL,Montezuma,10044,37.43109,-108.17005,"140801070102	"
Mc Clure Pass,"618	",Colorado,SNOTEL,Gunnison,8774,39.12899,-107.28834,"140200040203	"
Mccoy Park,"1040	",Colorado,SNOTEL,Eagle,9516,39.60231,-106.544,"140100030302	"
Medano Pass,"914	",Colorado,SNOTEL,Saguache,9668,37.85192,-105.43666,"130100030604	"
Mesa Lakes,"622	",Colorado,SNOTEL,Mesa,10168,39.05738,-108.05756,"140100051307	"
Michigan Creek,"937	",Colorado,SNOTEL,Park,10702,39.43579,-105.91072,"101900010404	"
Middle Creek,"624	",Colorado,SNOTEL,Mineral,11269,37.61779,-107.03932,"130100010501	"
Middle Fork Camp,"1014	",Colorado,SNOTEL,Grand,8969,39.79565,-106.02802,"140100010402	"
Mineral Creek,"629	",Colorado,SNOTEL,San Juan,10046,37.84737,-107.72657,"140801040103	"
Molas Lake,"632	",Colorado,SNOTEL,San Juan,10631,37.74929,-107.68933,"140801040302	"
Moon Pass,"1124	",Colorado,SNOTEL,Saguache,11128,37.96627,-106.55857,"130100040201	"
Nast Lake,"658	",Colorado,SNOTEL,Pitkin,8731,39.29695,-106.60786,"140100040504	"
Never Summer,"1031	",Colorado,SNOTEL,Jackson,10323,40.40392,-105.95567,"101800010401	"
Niwot,"663	",Colorado,SNOTEL,Boulder,9979,40.03581,-105.5452,"101900050401	"
North Lost Trail,"669	",Colorado,SNOTEL,Gunnison,9219,39.07818,-107.14388,"140100040703	"
Overland Res.,"675	",Colorado,SNOTEL,Delta,9893,39.09035,-107.63583,"140200040101	"
Park Cone,"680	",Colorado,SNOTEL,Gunnison,9621,38.81982,-106.58962,"140200010107	"
Park Reservoir,"682	",Colorado,SNOTEL,Delta,9987,39.04433,-107.87951,"140200050111	"
Phantom Valley,"688	",Colorado,SNOTEL,Grand,9045,40.39803,-105.84606,"140100010302	"
Porphyry Creek,"701	",Colorado,SNOTEL,Gunnison,10788,38.48864,-106.33967,"140200030105	"
Rabbit Ears,"709	",Colorado,SNOTEL,Routt,9411,40.36735,-106.74118,"140500010402	"
Rat Creek,"1324	",Colorado,SNOTEL,Mineral,11680,37.93571,-106.98192,"130100010602	"
Rawah,"1032	",Colorado,SNOTEL,Jackson,9069,40.70794,-106.00727,"101800010603	"
Red Mountain Pass,"713	",Colorado,SNOTEL,San Juan,11080,37.89168,-107.71389,"140801040103	"
Ripple Creek,"717	",Colorado,SNOTEL,Rio Blanco,10350,40.10844,-107.29383,"140500050102	"
Roach,"718	",Colorado,SNOTEL,Larimer,9740,40.87498,-106.04675,"101800100106	"
Rough And Tumble,"939	",Colorado,SNOTEL,Park,10432,39.02611,-106.08063,"101900010202	"
Saint Elmo,"1100	",Colorado,SNOTEL,Chaffee,10450,38.69985,-106.36805,"110200010501	"
Sargents Mesa,"1128	",Colorado,SNOTEL,Saguache,11499,38.2856,-106.37085,"130100040306	"
Sawtooth,"1251	",Colorado,SNOTEL,Boulder,9676,40.13632,-105.58486,"101900050102	"
Schofield Pass,"737	",Colorado,SNOTEL,Gunnison,10653,39.01467,-107.04933,"140100040701	"
Scotch Creek,"739	",Colorado,SNOTEL,Dolores,9195,37.64562,-108.00833,"140300020204	"
Sharkstooth,"1060	",Colorado,SNOTEL,Montezuma,10747,37.50356,-108.11405,"140300020206	"
Slumgullion,"762	",Colorado,SNOTEL,Hinsdale,11560,37.99076,-107.20392,"140200020502	"
South Colony,"773	",Colorado,SNOTEL,Custer,10868,37.96647,-105.53671,"110200011206	"
Spud Mountain,"780	",Colorado,SNOTEL,San Juan,10674,37.69883,-107.77841,"140801040202	"
Stillwater Creek,"793	",Colorado,SNOTEL,Grand,8880,40.22532,-105.9198,"140100010306	"
Stump Lakes,"797	",Colorado,SNOTEL,La Plata,11248,37.47647,-107.63348,"140801040702	"
Summit Ranch,"802	",Colorado,SNOTEL,Summit,9371,39.71803,-106.1577,"140100020502	"
Tower,"825	",Colorado,SNOTEL,Routt,10620,40.5374,-106.67655,"140500010407	"
Trapper Lake,"827	",Colorado,SNOTEL,Garfield,9759,39.99881,-107.23618,"140500050101	"
Trinchera,"829	",Colorado,SNOTEL,Costilla,10922,37.35296,-105.23259,"130100020601	"
University Camp,"838	",Colorado,SNOTEL,Boulder,10360,40.03307,-105.57562,"101900050401	"
Upper Rio Grande,"839	",Colorado,SNOTEL,Hinsdale,9379,37.72172,-107.25971,"130100010106	"
Upper San Juan,"840	",Colorado,SNOTEL,Mineral,10140,37.48563,-106.83528,"140801010203	"
Upper Taylor,"1141	",Colorado,SNOTEL,Gunnison,10717,38.99071,-106.74504,"140200010101	"
Ute Creek,"1005	",Colorado,SNOTEL,Costilla,10734,37.6148,-105.37322,"130100020604	"
Vail Mountain,"842	",Colorado,SNOTEL,Eagle,10310,39.61765,-106.38019,"140100030102	"
Vallecito,"843	",Colorado,SNOTEL,La Plata,10782,37.48524,-107.50748,"140801011105	"
Wager Gulch,"1188	",Colorado,SNOTEL,Hinsdale,11132,37.88248,-107.36428,"140200020602	"
Weminuche Creek,"1160	",Colorado,SNOTEL,Hinsdale,10749,37.51968,-107.32139,"140801020203	"
Whiskey Ck,"857	",Colorado,SNOTEL,Las Animas,10290,37.21423,-105.12262,"110200100102	"
Wild Basin,"1042	",Colorado,SNOTEL,Boulder,9439,40.201,-105.6025,"101900050202	"
Willow Creek Pass,"869	",Colorado,SNOTEL,Grand,9523,40.34734,-106.0952,"140100010102	"
Willow Park,"870	",Colorado,SNOTEL,Larimer,10732,40.43397,-105.73588,"101900060204	"
Wolf Creek Summit,"874	",Colorado,SNOTEL,Mineral,10957,37.47903,-106.80234,"140801010203	"
Zirkel,"1033	",Colorado,SNOTEL,Jackson,9338,40.79492,-106.59544,"101800010202	"
Atlanta Summit,"306	",Idaho,SNOTEL,Elmore,7580,43.7569,-115.23907,"170501110204	"
Banner Summit,"312	",Idaho,SNOTEL,Boise,7040,44.30342,-115.23447,"170501200202	"
Bear Basin,"319	",Idaho,SNOTEL,Adams,5350,44.95222,-116.14293,"170602100104	"
Bear Canyon,"320	",Idaho,SNOTEL,Custer,7900,43.74367,-113.93797,"170402180101	"
Bear Mountain,"323	",Idaho,SNOTEL,Bonner,5400,48.30577,-116.07448,"170102131202	"
Bear Saddle,"324	",Idaho,SNOTEL,Washington,6180,44.60533,-116.98097,"170501241001	"
Big Creek Summit,"338	",Idaho,SNOTEL,Valley,6560,44.62621,-115.79561,"170602080402	"
Bogus Basin,"978	",Idaho,SNOTEL,Boise,6340,43.76377,-116.09685,"170501220201	"
Bostetter R.S.,"359	",Idaho,SNOTEL,Cassia,7500,42.16442,-114.19272,"170402120201	"
Brundage Reservoir,"370	",Idaho,SNOTEL,Adams,6250,45.04315,-116.13253,"170602100104	"
Camas Creek Divide,"382	",Idaho,SNOTEL,Elmore,5710,43.26548,-115.3453,"170402200101	"
Chocolate Gulch,"895	",Idaho,SNOTEL,Blaine,6310,43.7685,-114.41812,"170402190301	"
Cool Creek,"411	",Idaho,SNOTEL,Clearwater,6280,46.76361,-115.29528,"170603070702	"
Couch Summit,"1306	",Idaho,SNOTEL,Camas,6800,43.51768,-114.8022,"170501130204	"
Cozy Cove,"423	",Idaho,SNOTEL,Valley,5400,44.28846,-115.65508,"170501200403	"
Crab Creek,"424	",Idaho,SNOTEL,Clark,6900,44.437,-111.99384,"170402140108	"
Crater Meadows,"425	",Idaho,SNOTEL,Clearwater,5960,46.56394,-115.28903,"170603070502	"
Deadwood Summit,"439	",Idaho,SNOTEL,Valley,6860,44.54514,-115.5638,"170501200401	"
Dollarhide Summit,"450	",Idaho,SNOTEL,Blaine,8420,43.6025,-114.67417,"170402190201	"
Elk Butte,"466	",Idaho,SNOTEL,Clearwater,5690,46.83998,-116.12233,"170603080701	"
Emigrant Summit,"471	",Idaho,SNOTEL,Bear Lake,7390,42.36055,-111.56085,"160102020206	"
Fish Ck,"1305	",Idaho,SNOTEL,Blaine,6330,43.55542,-113.71924,"170402210401	"
Franklin Basin,"484	",Idaho,SNOTEL,Franklin,8140,42.0505,-111.6012,"160102020501	"
Galena,"489	",Idaho,SNOTEL,Blaine,7470,43.87722,-114.6725,"170402190101	"
Galena Summit,"490	",Idaho,SNOTEL,Blaine,8780,43.87497,-114.71363,"170402190101	"
Garfield R.S.,"492	",Idaho,SNOTEL,Blaine,6560,43.6104,-113.9308,"170402210301	"
Giveout,"493	",Idaho,SNOTEL,Bear Lake,6930,42.4132,-111.1663,"160102010401	"
Graham Guard Sta.,"496	",Idaho,SNOTEL,Elmore,5690,43.9538,-115.27387,"170501110303	"
Hemlock Butte,"520	",Idaho,SNOTEL,Clearwater,5810,46.48111,-115.63361,"170603070601	"
Hidden Lake,"988	",Idaho,SNOTEL,Boundary,5040,48.8937,-116.75748,"170101040502	"
Hilts Creek,"524	",Idaho,SNOTEL,Custer,8000,44.01897,-113.4723,"170402170401	"
Howell Canyon,"534	",Idaho,SNOTEL,Cassia,7980,42.32029,-113.61587,"170402090602	"
Humboldt Gulch,"535	",Idaho,SNOTEL,Shoshone,4250,47.53178,-115.77643,"170103020102	"
Hyndman,"537	",Idaho,SNOTEL,Blaine,7620,43.71077,-114.15894,"170402190402	"
Island Park,"546	",Idaho,SNOTEL,Fremont,6290,44.4203,-111.38512,"170402020601	"
Jackson Peak,"550	",Idaho,SNOTEL,Boise,7070,44.05092,-115.44322,"170501200304	"
Lolo Pass,"588	",Idaho,SNOTEL,Idaho,5240,46.63448,-114.58072,"170102051401	"
Long Valley,"1016	",Idaho,SNOTEL,Valley,4890,44.78835,-116.08878,"170501230206	"
Lookout,"594	",Idaho,SNOTEL,Shoshone,5190,47.45749,-115.70457,"170103020101	"
Lost Lake,"600	",Idaho,SNOTEL,Shoshone,6110,47.0809,-115.9604,"170603080101	"
Lost-Wood Divide,"601	",Idaho,SNOTEL,Blaine,7900,43.82432,-114.26402,"170402190304	"
Magic Mountain,"610	",Idaho,SNOTEL,Twin Falls,6880,42.18072,-114.28662,"170402120601	"
Meadow Lake,"620	",Idaho,SNOTEL,Lemhi,9150,44.43655,-113.31815,"170602040101	"
Mica Creek,"623	",Idaho,SNOTEL,Shoshone,4510,47.15045,-116.26643,"170103040604	"
Mill Creek Summit,"627	",Idaho,SNOTEL,Custer,8800,44.47212,-114.48992,"170602010501	"
Moonshine,"636	",Idaho,SNOTEL,Lemhi,7440,44.4147,-113.39812,"170402170201	"
Moose Creek,"638	",Idaho,SNOTEL,Lemhi,6200,45.67008,-113.95315,"170602030601	"
Mores Creek Summit,"637	",Idaho,SNOTEL,Boise,6100,43.932,-115.66588,"170501110503	"
Morgan Creek,"639	",Idaho,SNOTEL,Lemhi,7600,44.84237,-114.26871,"170602030901	"
Moscow Mountain,"989	",Idaho,SNOTEL,Latah,4700,46.805,-116.8535,"170603061002	"
Mosquito Ridge,"645	",Idaho,SNOTEL,Shoshone,5260,48.05726,-116.23055,"170103010101	"
Mountain Meadows,"650	",Idaho,SNOTEL,Idaho,6320,45.69694,-115.22972,"170603020301	"
Mud Flat,"654	",Idaho,SNOTEL,Owyhee,5730,42.6004,-116.55925,"170501041401	"
Myrtle Creek,"1053	",Idaho,SNOTEL,Boundary,3520,48.72263,-116.46312,"170101040701	"
Oxford Spring,"677	",Idaho,SNOTEL,Oneida,6740,42.26015,-112.12515,"160102040206	"
Pebble Creek,"1299	",Idaho,SNOTEL,Caribou,6513,42.7674,-112.10648,"170402080206	"
Pierce R.S.,"1142	",Idaho,SNOTEL,Clearwater,3080,46.49597,-115.7957,"170603060401	"
Pine Creek Pass,"695	",Idaho,SNOTEL,Teton,6720,43.56998,-111.21157,"170402040101	"
Prairie,"704	",Idaho,SNOTEL,Elmore,4800,43.50513,-115.573,"170501131103	"
Puhi Flat,"782	",Idaho,SNOTEL,Adams,6240,44.77091,-116.24805,"170501240401	"
Ragged Mountain,"1081	",Idaho,SNOTEL,Kootenai,4210,47.85583,-117.03667,"170103050302	"
Reynolds Creek,"2029	",Idaho,SNOTEL,Owyhee,5600,43.28863,-116.8431,"170501030604	"
Savage Pass,"735	",Idaho,SNOTEL,Idaho,6190,46.46633,-114.63333,"170603030208	"
Schwartz Lake,"915	",Idaho,SNOTEL,Lemhi,8630,44.84618,-113.83732,"170602040604	"
Schweitzer Basin,"738	",Idaho,SNOTEL,Bonner,6090,48.37428,-116.63917,"170102150502	"
Secesh Summit,"740	",Idaho,SNOTEL,Valley,6540,45.18848,-115.97152,"170501230101	"
Sedgwick Peak,"741	",Idaho,SNOTEL,Bannock,7850,42.52497,-111.95635,"170402080209	"
Shanghi Summit,"747	",Idaho,SNOTEL,Clearwater,4600,46.56603,-115.74216,"170603060402	"
Sheep Mtn.,"749	",Idaho,SNOTEL,Bingham,6650,43.2103,-111.68792,"170402050304	"
Sherwin,"752	",Idaho,SNOTEL,Latah,3200,46.95028,-116.33972,"170103040703	"
Slug Creek Divide,"761	",Idaho,SNOTEL,Caribou,7225,42.56248,-111.29797,"170402070201	"
Smiley Mountain,"926	",Idaho,SNOTEL,Custer,9520,43.72718,-113.83402,"170402180102	"
Soldier R.S.,"769	",Idaho,SNOTEL,Camas,5740,43.48407,-114.82692,"170402200303	"
Somsen Ranch,"770	",Idaho,SNOTEL,Caribou,6800,42.95275,-111.35933,"170402070101	"
South Mtn.,"774	",Idaho,SNOTEL,Owyhee,6500,42.76478,-116.90037,"170501080205	"
Stickney Mill,"792	",Idaho,SNOTEL,Custer,7430,43.86117,-114.20902,"170402180303	"
Sunset,"803	",Idaho,SNOTEL,Shoshone,5540,47.55545,-115.82422,"170103020102	"
Swede Peak,"805	",Idaho,SNOTEL,Blaine,7640,43.626,-113.96887,"170402210301	"
Trinity Mtn.,"830	",Idaho,SNOTEL,Elmore,7770,43.62903,-115.43818,"170501110703	"
Van Wyck,"979	",Idaho,SNOTEL,Washington,4920,44.37665,-116.3366,"170501240902	"
Vienna Mine,"845	",Idaho,SNOTEL,Blaine,8960,43.79942,-114.85273,"170602010201	"
West Branch,"855	",Idaho,SNOTEL,Adams,5560,45.0722,-116.45413,"170501240201	"
White Elephant,"860	",Idaho,SNOTEL,Fremont,7710,44.53267,-111.41085,"170402020305	"
Wildhorse Divide,"867	",Idaho,SNOTEL,Bannock,6490,42.75743,-112.47783,"170402080504	"
Wilson Creek,"871	",Idaho,SNOTEL,Twin Falls,7120,42.01257,-115.00278,"170402130202	"
Albro Lake,"916	",Montana,SNOTEL,Madison,8300,45.59723,-111.95902,"100200050701	"
Badger Pass,"307	",Montana,SNOTEL,Pondera,6900,48.13091,-113.02311,"100302010201	"
Banfield Mountain,"311	",Montana,SNOTEL,Lincoln,5600,48.5712,-115.44573,"170101011202	"
Barker Lakes,"313	",Montana,SNOTEL,Deer Lodge,8250,46.09713,-113.13038,"170102010304	"
Basin Creek,"315	",Montana,SNOTEL,Silver Bow,7180,45.79737,-112.52047,"170102010201	"
Bassoo Peak,"1190	",Montana,SNOTEL,Sanders,5150,47.85562,-114.75841,"170102120105	"
Beagle Springs,"318	",Montana,SNOTEL,Beaverhead,8850,44.47147,-112.98191,"100200010501	"
Beaver Creek,"328	",Montana,SNOTEL,Gallatin,7850,44.94966,-111.35852,"100200070402	"
Bisson Creek,"346	",Montana,SNOTEL,Lake,4920,47.68386,-113.99895,"170102120602	"
Black Bear,"347	",Montana,SNOTEL,Gallatin,8170,44.50832,-111.12803,"100200070202	"
Black Pine,"349	",Montana,SNOTEL,Granite,7210,46.414,-113.43095,"170102020203	"
Blacktail Mtn,"1144	",Montana,SNOTEL,Flathead,5650,47.98317,-114.35443,"170102080302	"
Bloody Dick,"355	",Montana,SNOTEL,Beaverhead,7600,45.16507,-113.50099,"100200011002	"
Boulder Mountain,"360	",Montana,SNOTEL,Meagher,7950,46.5596,-111.28973,"100301030501	"
Box Canyon,"363	",Montana,SNOTEL,Park,6670,45.27178,-110.24899,"100700020902	"
Brackett Creek,"365	",Montana,SNOTEL,Gallatin,7320,45.89107,-110.93851,"100700030403	"
Burnt Mtn,"981	",Montana,SNOTEL,Carbon,5880,45.2401,-109.45961,"100700060802	"
Calvert Creek,"381	",Montana,SNOTEL,Deer Lodge,6430,45.8838,-113.32553,"100200040801	"
Carrot Basin,"385	",Montana,SNOTEL,Gallatin,9000,44.96192,-111.29403,"100200080105	"
Chicago Ridge,"1312	",Montana,SNOTEL,Sanders,5800,48.06224,-115.69748,"170102131301	"
Clover Meadow,"403	",Montana,SNOTEL,Madison,8600,45.01788,-111.8456,"100200070803	"
Cole Creek,"407	",Montana,SNOTEL,Carbon,7850,45.19405,-109.34548,"100700060801	"
Combination,"410	",Montana,SNOTEL,Granite,5600,46.46523,-113.39358,"170102020401	"
Copper Bottom,"413	",Montana,SNOTEL,Lewis And Clark,5200,47.05678,-112.595,"170102030103	"
Copper Camp,"414	",Montana,SNOTEL,Lewis And Clark,6950,47.08158,-112.72955,"170102030103	"
Crystal Lake,"427	",Montana,SNOTEL,Fergus,6050,46.78936,-109.51202,"100401030204	"
Daisy Peak,"919	",Montana,SNOTEL,Meagher,7600,46.66858,-110.33022,"100402010106	"
Daly Creek,"433	",Montana,SNOTEL,Ravalli,5780,46.18367,-113.8533,"170102050901	"
Darkhorse Lake,"436	",Montana,SNOTEL,Beaverhead,8945,45.17368,-113.5846,"100200040301	"
Deadman Creek,"437	",Montana,SNOTEL,Meagher,6450,46.79279,-110.67545,"100301030401	"
Divide,"448	",Montana,SNOTEL,Madison,7800,44.79317,-112.05645,"100200030102	"
Dupuyer Creek,"458	",Montana,SNOTEL,Teton,5750,48.06341,-112.7573,"100302010501	"
East Boulder Mine,"1105	",Montana,SNOTEL,Sweet Grass,6335,45.50381,-110.08019,"100700020701	"
Elk Peak Alt,"1316	",Montana,SNOTEL,Meagher,7820,46.47617,-110.72148,"100301030104	"
Emery Creek,"469	",Montana,SNOTEL,Flathead,4350,48.43412,-113.93725,"170102090703	"
Fisher Creek,"480	",Montana,SNOTEL,Park,9100,45.06235,-109.94488,"100700060202	"
Flattop Mtn.,"482	",Montana,SNOTEL,Flathead,6300,48.80225,-113.85713,"170102070501	"
Frohner Meadow,"487	",Montana,SNOTEL,Jefferson,6480,46.43545,-112.19277,"100301011305	"
Garver Creek,"918	",Montana,SNOTEL,Lincoln,4250,48.97523,-115.81915,"170101030202	"
Grave Creek,"500	",Montana,SNOTEL,Flathead,4300,48.91453,-114.76663,"170101010801	"
Hand Creek,"510	",Montana,SNOTEL,Flathead,5035,48.30754,-114.84075,"170102100304	"
Hawkins Lake,"516	",Montana,SNOTEL,Lincoln,6450,48.9724,-115.95344,"170101050201	"
Hoodoo Basin,"530	",Montana,SNOTEL,Mineral,6050,46.97511,-115.03486,"170102040607	"
JL Meadow,"1287	",Montana,SNOTEL,Beaverhead,8800,44.77665,-113.12217,"100200011202	"
Kraft Creek,"562	",Montana,SNOTEL,Missoula,4750,47.42749,-113.77515,"170102110104	"
Lakeview Ridge,"568	",Montana,SNOTEL,Beaverhead,7400,44.58907,-111.82498,"100200010105	"
Lemhi Ridge,"576	",Montana,SNOTEL,Beaverhead,8100,44.9938,-113.44399,"100200011106	"
Lick Creek,"578	",Montana,SNOTEL,Gallatin,6860,45.5041,-110.96625,"100200081001	"
Lone Mountain,"590	",Montana,SNOTEL,Madison,8880,45.27412,-111.42692,"100200080201	"
Lower Twin,"603	",Montana,SNOTEL,Madison,7900,45.50871,-111.92288,"100200071101	"
Lubrecht Flume,"604	",Montana,SNOTEL,Missoula,4680,46.88293,-113.32228,"170102031204	"
Madison Plateau,"609	",Montana,SNOTEL,Gallatin,7750,44.58623,-111.11627,"100200070204	"
Many Glacier,"613	",Montana,SNOTEL,Glacier,4900,48.79698,-113.6705,"090400010201	"
Monument Peak,"635	",Montana,SNOTEL,Park,8850,45.21759,-110.237,"100700020902	"
Moss Peak,"646	",Montana,SNOTEL,Lake,6780,47.68497,-113.96239,"170102080404	"
Mount Lockhart,"649	",Montana,SNOTEL,Teton,6400,47.91727,-112.8238,"100302050102	"
Mule Creek,"656	",Montana,SNOTEL,Beaverhead,8300,45.40957,-112.95927,"100200041303	"
N Fk Elk Creek,"657	",Montana,SNOTEL,Powell,6250,46.8716,-113.27725,"170102031204	"
Nevada Ridge,"903	",Montana,SNOTEL,Lewis And Clark,7020,46.84234,-112.50787,"170102030302	"
Nez Perce Camp,"662	",Montana,SNOTEL,Ravalli,5650,45.73107,-114.48075,"170102050204	"
Noisy Basin,"664	",Montana,SNOTEL,Flathead,6040,48.15668,-113.9463,"170102080208	"
North Fork Jocko,"667	",Montana,SNOTEL,Missoula,6330,47.27258,-113.75631,"170102120702	"
Northeast Entrance,"670	",Montana,SNOTEL,Yellowstone National Park,7350,45.00568,-110.01411,"100700010602	"
Onion Park,"1008	",Montana,SNOTEL,Meagher,7410,46.91348,-110.8536,"100301030801	"
Peterson Meadows,"930	",Montana,SNOTEL,Granite,7200,46.12588,-113.30792,"170102020101	"
Pickfoot Creek,"690	",Montana,SNOTEL,Meagher,6650,46.57969,-111.26812,"100301030501	"
Pike Creek,"693	",Montana,SNOTEL,Pondera,5930,48.30305,-113.32868,"100302010103	"
Placer Basin,"696	",Montana,SNOTEL,Sweet Grass,8830,45.41905,-110.08844,"100700020701	"
Poorman Creek,"932	",Montana,SNOTEL,Lincoln,5100,48.12632,-115.6234,"170101011301	"
Porcupine,"700	",Montana,SNOTEL,Park,6500,46.11192,-110.4696,"100700030303	"
Rocker Peak,"722	",Montana,SNOTEL,Jefferson,8000,46.35613,-112.26176,"100200060302	"
Rocky Boy,"917	",Montana,SNOTEL,Hill,4700,48.17478,-109.64728,"100500040101	"
S Fork Shields,"725	",Montana,SNOTEL,Park,8100,46.08963,-110.43367,"100700030301	"
Sacajawea,"929	",Montana,SNOTEL,Gallatin,6550,45.87395,-110.92783,"100700030403	"
Saddle Mtn.,"727	",Montana,SNOTEL,Beaverhead,7940,45.69259,-113.96828,"170102050502	"
Short Creek,"753	",Montana,SNOTEL,Madison,7000,44.97572,-111.95215,"100200030106	"
Shower Falls,"754	",Montana,SNOTEL,Gallatin,8100,45.40125,-110.95758,"100200081001	"
Skalkaho Summit,"760	",Montana,SNOTEL,Granite,7250,46.24212,-113.7725,"170102021003	"
Slagamelt Lakes,"1286	",Montana,SNOTEL,Beaverhead,8620,45.36526,-113.71834,"100200040308	"
Sleeping Woman,"783	",Montana,SNOTEL,Sanders,6150,47.17902,-114.33371,"170102120708	"
Spur Park,"781	",Montana,SNOTEL,Judith Basin,8100,46.77962,-110.62165,"100401030301	"
Stahl Peak,"787	",Montana,SNOTEL,Lincoln,6030,48.90902,-114.86298,"170101010801	"
Stringer Creek,"1009	",Montana,SNOTEL,Meagher,6550,46.9269,-110.90198,"100301030801	"
Stryker Basin,"1311	",Montana,SNOTEL,Flathead,6194,48.68005,-114.66365,"170102100501	"
Stuart Mountain,"901	",Montana,SNOTEL,Missoula,7400,46.99521,-113.92667,"170102040102	"
Tepee Creek,"813	",Montana,SNOTEL,Madison,8000,44.78562,-111.71,"100200070602	"
Tizer Basin,"893	",Montana,SNOTEL,Jefferson,6880,46.34937,-111.85308,"100301010701	"
Twelvemile Creek,"835	",Montana,SNOTEL,Ravalli,5600,46.14287,-114.44755,"170102050601	"
Twin Lakes,"836	",Montana,SNOTEL,Ravalli,6400,46.1438,-114.5056,"170102050601	"
Waldron,"847	",Montana,SNOTEL,Teton,5600,47.91998,-112.79087,"100302050102	"
Warm Springs,"850	",Montana,SNOTEL,Granite,7800,46.27368,-113.164,"170102010302	"
West Yellowstone,"924	",Montana,SNOTEL,Gallatin,6700,44.65866,-111.09199,"100200070205	"
Whiskey Creek,"858	",Montana,SNOTEL,Gallatin,6800,44.61088,-111.14998,"100200070203	"
White Mill,"862	",Montana,SNOTEL,Park,8700,45.04575,-109.90987,"100700060202	"
Wood Creek,"876	",Montana,SNOTEL,Lewis And Clark,5960,47.44847,-112.81428,"100301040202	"
Bear Creek,"321	",Nevada,SNOTEL,Elko,8040,41.83384,-115.45278,"170501020301	"
Berry Creek,"334	",Nevada,SNOTEL,White Pine,9377,39.31917,-114.62278,"160600081301	"
Big Bend,"336	",Nevada,SNOTEL,Elko,6898,41.76168,-115.6931,"170501040104	"
Big Creek Sum,"337	",Nevada,SNOTEL,Lander,8685,39.29148,-117.11506,"160401070303	"
Big Meadow,"340	",Nevada,SNOTEL,Washoe,8235,39.455,-119.9422,"160501020505	"
Bird Creek,"1155	",Nevada,SNOTEL,White Pine,7537,39.46138,-114.64863,"160600081304	"
Bristlecone Trail,"1111	",Nevada,SNOTEL,Clark,8890,36.31575,-115.69543,"150100150206	"
Buckskin Lower,"373	",Nevada,SNOTEL,Humboldt,6930,41.75067,-117.53182,"160401090502	"
Cave Mountain,"1152	",Nevada,SNOTEL,White Pine,10578,39.16337,-114.6133,"160600080402	"
Corduroy Flat,"1209	",Nevada,SNOTEL,White Pine,8640,38.99651,-115.42478,"160600121206	"
Corral Canyon,"417	",Nevada,SNOTEL,Elko,8445,40.27551,-115.54017,"160401030401	"
Diamond Peak,"443	",Nevada,SNOTEL,Eureka,8017,39.56361,-115.84421,"160600051503	"
Disaster Peak,"445	",Nevada,SNOTEL,Humboldt,6260,41.96737,-118.18934,"160402010201	"
Dorsey Basin,"453	",Nevada,SNOTEL,Elko,7903,40.89343,-115.21104,"160401010604	"
Draw Creek,"454	",Nevada,SNOTEL,Elko,7332,41.661,-115.3234,"160401010403	"
Dry Creek,"1243	",Nevada,SNOTEL,Elko,6555,40.8638,-115.22014,"160401010601	"
Fawn Creek,"476	",Nevada,SNOTEL,Elko,7031,41.82098,-116.10153,"170501040304	"
Fry Canyon,"1262	",Nevada,SNOTEL,Elko,6798,41.58008,-115.9364,"160401020101	"
Golconda,"1195	",Nevada,SNOTEL,Humboldt,6616,40.88358,-117.58812,"160401080102	"
Granite Peak,"498	",Nevada,SNOTEL,Humboldt,8503,41.67032,-117.56668,"160401090601	"
Green Mountain,"503	",Nevada,SNOTEL,Elko,8185,40.3848,-115.52757,"160401030401	"
Hole-in-Mountain,"527	",Nevada,SNOTEL,Elko,8163,40.94168,-115.0954,"160600071602	"
Jack Creek Upper,"548	",Nevada,SNOTEL,Elko,7377,41.54675,-116.00517,"170501050201	"
Jacks Peak,"549	",Nevada,SNOTEL,Elko,8424,41.5136,-116.0117,"170501050201	"
Kalamazoo,"1150	",Nevada,SNOTEL,White Pine,7775,39.5579,-114.62762,"160600080700	"
Lamance Creek,"569	",Nevada,SNOTEL,Humboldt,6395,41.51542,-117.63197,"160401090603	"
Lamoille #3,"570	",Nevada,SNOTEL,Elko,8051,40.6448,-115.3812,"160401010607	"
Lamoille Upper,"1310	",Nevada,SNOTEL,Elko,8990,40.59965,-115.37902,"160401010607	"
Laurel Draw,"573	",Nevada,SNOTEL,Elko,6682,41.77637,-116.02957,"170501040202	"
Lee Canyon,"1112	",Nevada,SNOTEL,Clark,8626,36.30537,-115.67508,"150100150206	"
Lewis Peak,"1006	",Nevada,SNOTEL,Lander,7370,40.3572,-116.8647,"160401070903	"
Little Valley,"1242	",Nevada,SNOTEL,Washoe,6493,39.25259,-119.8771,"160501020301	"
Marlette Lake,"615	",Nevada,SNOTEL,Carson City,7884,39.16395,-119.89672,"160501010201	"
Merritt Mountain,"1207	",Nevada,SNOTEL,Elko,6915,41.8927,-115.858,"170501020601	"
Mt Rose Ski Area,"652	",Nevada,SNOTEL,Washoe,8801,39.31573,-119.89473,"160501020304	"
ONeil Creek,"1272	",Nevada,SNOTEL,Elko,6520,41.8642,-115.08316,"170402130106	"
Pole Canyon,"1244	",Nevada,SNOTEL,Elko,7760,40.86293,-115.12067,"160600071101	"
Pole Creek R.S.,"698	",Nevada,SNOTEL,Elko,8360,41.87255,-115.24713,"170501021002	"
Porter Canyon,"2170	",Nevada,SNOTEL,Lander,7187,39.46544,-117.62069,"160600020102	"
Rainbow Canyon,"1110	",Nevada,SNOTEL,Clark,7860,36.2493,-115.62972,"150100150301	"
Seventysix Creek,"746	",Nevada,SNOTEL,Elko,7350,41.73732,-115.47215,"170501020108	"
Sheldon,"750	",Nevada,SNOTEL,Washoe,5865,41.90435,-119.44464,"171200080106	"
Summit Lk,"1194	",Nevada,SNOTEL,Humboldt,7615,41.48953,-118.99663,"160402021301	"
Taylor Canyon,"811	",Nevada,SNOTEL,Elko,6325,41.2287,-116.0293,"170501050105	"
Toe Jam,"1136	",Nevada,SNOTEL,Elko,7690,41.3187,-116.3408,"160401060202	"
Vacarro Springs,"1137	",Nevada,SNOTEL,Eureka,7890,39.4495,-115.9834,"160600051503	"
Ward Mountain,"849	",Nevada,SNOTEL,White Pine,9163,39.13242,-114.95575,"150100110105	"
Wheeler Peak,"1147	",Nevada,SNOTEL,White Pine,10060,39.00995,-114.31021,"160203010801	"
Bateman,"316	",New Mexico,SNOTEL,Rio Arriba,9249,36.51174,-106.31543,"130201020901	"
Chamita,"394	",New Mexico,SNOTEL,Rio Arriba,8383,36.95606,-106.65723,"130201020204	"
Elk Cabin,"921	",New Mexico,SNOTEL,Santa Fe,8239,35.7073,-105.80584,"130202010102	"
Frisco Divide,"486	",New Mexico,SNOTEL,Catron,8013,33.73687,-108.94327,"150400040303	"
Gallegos Peak,"491	",New Mexico,SNOTEL,Taos,9480,36.19418,-105.55742,"130201010502	"
Garita Peak,"1173	",New Mexico,SNOTEL,Rio Arriba,10115,36.00469,-106.54805,"130202020201	"
Hopewell,"532	",New Mexico,SNOTEL,Rio Arriba,10095,36.71632,-106.2637,"130201021401	"
Lookout Mountain,"595	",New Mexico,SNOTEL,Sierra,8509,33.36089,-107.83203,"150400010402	"
Mcknight Cabin,"1048	",New Mexico,SNOTEL,Grant,9242,33.00796,-107.86982,"130302020103	"
Navajo Whiskey Ck,"1138	",New Mexico,SNOTEL,San Juan,9064,36.17716,-108.94556,"140802040206	"
North Costilla,"665	",New Mexico,SNOTEL,Taos,10598,36.99396,-105.25988,"130201010101	"
Palo,"1170	",New Mexico,SNOTEL,Taos,9343,36.40869,-105.33038,"130201010601	"
Quemazon,"708	",New Mexico,SNOTEL,Los Alamos,9507,35.92195,-106.39179,"130201011303	"
Red River Pass #2,"715	",New Mexico,SNOTEL,Taos,9855,36.69935,-105.34145,"130201010301	"
Rice Park,"933	",New Mexico,SNOTEL,Cibola,8497,35.23658,-108.27404,"130202070203	"
Rio Santa Barbara,"1254	",New Mexico,SNOTEL,Taos,10664,36.07196,-105.62949,"130201010905	"
San Antonio Sink,"1172	",New Mexico,SNOTEL,Rio Arriba,9143,36.85967,-106.22657,"130100050301	"
Santa Fe,"922	",New Mexico,SNOTEL,Santa Fe,11465,35.77154,-105.78487,"130202010102	"
Senorita Divide #2,"744	",New Mexico,SNOTEL,Rio Arriba,8569,36.00152,-106.83408,"130202020102	"
Shuree,"1169	",New Mexico,SNOTEL,Taos,10092,36.78765,-105.2392,"130201010102	"
Sierra Blanca,"1034	",New Mexico,SNOTEL,Lincoln,10268,33.40682,-105.79467,"130600080103	"
Signal Peak,"755	",New Mexico,SNOTEL,Grant,8405,32.92342,-108.14546,"150400010803	"
Silver Creek Divide,"757	",New Mexico,SNOTEL,Catron,9096,33.3696,-108.70711,"150400040605	"
Taos Powderhorn,"1168	",New Mexico,SNOTEL,Taos,11045,36.58195,-105.45617,"130201010701	"
Taos Pueblo,"1307	",New Mexico,SNOTEL,Colfax,11020,36.54099,-105.35944,"130201010602	"
Tolby,"934	",New Mexico,SNOTEL,Colfax,10220,36.47498,-105.19534,"110800020107	"
Tres Ritos,"1083	",New Mexico,SNOTEL,Taos,8755,36.1279,-105.52706,"130201010903	"
Vacas Locas,"1017	",New Mexico,SNOTEL,Rio Arriba,9364,36.02653,-106.81361,"130202020102	"
Wesner Springs,"854	",New Mexico,SNOTEL,San Miguel,11151,35.77584,-105.54337,"130600010802	"
Aneroid Lake #2,"302	",Oregon,SNOTEL,Wallowa,7400,45.21328,-117.19258,"170601050101	"
Annie Springs,"1000	",Oregon,SNOTEL,Klamath,6010,42.87007,-122.16518,"180102030101	"
Arbuckle Mtn,"304	",Oregon,SNOTEL,Morrow,5770,45.19085,-119.25392,"170702020604	"
Bear Grass,"1166	",Oregon,SNOTEL,Linn,4720,44.3253,-122.0938,"170900040203	"
Beaver Reservoir,"331	",Oregon,SNOTEL,Union,5150,45.14532,-118.219,"170601040301	"
Big Red Mountain,"341	",Oregon,SNOTEL,Jackson,6050,42.05257,-122.85487,"171003090301	"
Bigelow Camp,"343	",Oregon,SNOTEL,Josephine,5130,42.07875,-123.34393,"171003090105	"
Billie Creek Divide,"344	",Oregon,SNOTEL,Klamath,5280,42.40717,-122.26617,"180102030201	"
Blazed Alder,"351	",Oregon,SNOTEL,Clackamas,3650,45.4287,-121.85605,"170800010102	"
Blue Mountain Spring,"357	",Oregon,SNOTEL,Grant,5870,44.24767,-118.51722,"170501160104	"
Bourne,"361	",Oregon,SNOTEL,Baker,5850,44.83052,-118.18787,"170502030101	"
Bowman Springs,"362	",Oregon,SNOTEL,Umatilla,4530,45.36428,-118.46715,"170701030401	"
Cascade Summit,"388	",Oregon,SNOTEL,Deschutes,5100,43.59042,-122.0601,"170900010301	"
Chemult Alternate,"395	",Oregon,SNOTEL,Klamath,4850,43.22625,-121.80662,"180102010201	"
Clackamas Lake,"398	",Oregon,SNOTEL,Clackamas,3400,45.09658,-121.75443,"170900110301	"
Clear Lake,"401	",Oregon,SNOTEL,Wasco,3810,45.18832,-121.6916,"170703060901	"
Cold Springs Camp,"406	",Oregon,SNOTEL,Klamath,5940,42.53305,-122.17683,"180102030202	"
County Line,"422	",Oregon,SNOTEL,Umatilla,4830,45.19107,-118.55015,"170601040202	"
Crazyman Flat,"1010	",Oregon,SNOTEL,Klamath,6180,42.6381,-120.94917,"180102020101	"
Daly Lake,"434	",Oregon,SNOTEL,Linn,3690,44.52147,-122.08718,"170900060101	"
Derr.,"440	",Oregon,SNOTEL,Wheeler,5850,44.4465,-119.93012,"170703040401	"
Diamond Lake,"442	",Oregon,SNOTEL,Douglas,5280,43.18787,-122.14003,"171003010204	"
Eilertson Meadows,"464	",Oregon,SNOTEL,Baker,5510,44.86887,-118.11387,"170502030404	"
Emigrant Springs,"470	",Oregon,SNOTEL,Umatilla,3800,45.55808,-118.45383,"170701030501	"
Fifteenmile,"1314	",Oregon,SNOTEL,Hood River,5970,45.35265,-121.53,"170701050503	"
Fish Creek,"477	",Oregon,SNOTEL,Harney,7660,42.70992,-118.6321,"171200030107	"
Fish Lk.,"479	",Oregon,SNOTEL,Jackson,4660,42.3801,-122.34943,"171003070801	"
Fourmile Lake,"483	",Oregon,SNOTEL,Klamath,5970,42.43933,-122.2288,"180102030202	"
Gerber Reservoir,"945	",Oregon,SNOTEL,Klamath,4890,42.2062,-121.1334,"180102040508	"
Gold Center,"494	",Oregon,SNOTEL,Grant,5410,44.7638,-118.3117,"170702020202	"
Greenpoint,"504	",Oregon,SNOTEL,Hood River,3310,45.62237,-121.70415,"170701050603	"
High Ridge,"523	",Oregon,SNOTEL,Umatilla,4920,45.69682,-118.10657,"170701030103	"
Hogg Pass,"526	",Oregon,SNOTEL,Linn,4790,44.42042,-121.85655,"170900040201	"
Holland Meadows,"529	",Oregon,SNOTEL,Lane,4930,43.66917,-122.56877,"170900020201	"
Howard Prairie,"1158	",Oregon,SNOTEL,Jackson,4580,42.215,-122.3713,"180102060401	"
Irish Taylor,"545	",Oregon,SNOTEL,Deschutes,5540,43.80368,-121.94793,"170703010106	"
Jump Off Joe,"552	",Oregon,SNOTEL,Linn,3520,44.38605,-122.16683,"170900060201	"
King Mountain,"558	",Oregon,SNOTEL,Jackson,4340,42.72395,-123.20037,"171003020701	"
Lake Creek R.S.,"563	",Oregon,SNOTEL,Grant,5240,44.21007,-118.63752,"170501160102	"
Little Meadows,"584	",Oregon,SNOTEL,Linn,4020,44.61297,-122.22565,"170900060301	"
Lucky Strike,"605	",Oregon,SNOTEL,Umatilla,4970,45.27478,-118.8479,"170701030606	"
Madison Butte,"608	",Oregon,SNOTEL,Morrow,5150,45.10513,-119.49585,"170702041101	"
Marion Forks,"614	",Oregon,SNOTEL,Linn,2590,44.59397,-121.97365,"170900050205	"
Mckenzie,"619	",Oregon,SNOTEL,Lane,4770,44.2103,-121.87292,"170900040207	"
Milk Shakes,"1079	",Oregon,SNOTEL,Wallowa,5580,45.9821,-117.94883,"170701020201	"
Miller Woods,"1084	",Oregon,SNOTEL,Yamhill,420,45.24755,-123.27563,"170900080606	"
Moss Springs,"647	",Oregon,SNOTEL,Union,5760,45.27173,-117.68747,"170601040702	"
Mt Hood Test Site,"651	",Oregon,SNOTEL,Clackamas,5370,45.32097,-121.7158,"170800010302	"
Mt. Howard,"653	",Oregon,SNOTEL,Wallowa,7910,45.26522,-117.17373,"170601050102	"
Mud Ridge,"655	",Oregon,SNOTEL,Clackamas,4070,45.25362,-121.73673,"170800010302	"
New Crescent Lake,"660	",Oregon,SNOTEL,Klamath,4910,43.51185,-121.97982,"170703020205	"
North Fork,"666	",Oregon,SNOTEL,Multnomah,3060,45.5505,-122.00283,"170800010503	"
Ochoco Meadows,"671	",Oregon,SNOTEL,Crook,5430,44.42917,-120.3311,"170703050201	"
Peavine Ridge,"687	",Oregon,SNOTEL,Clackamas,3420,45.04148,-121.93252,"170900110306	"
Quartz Mountain,"706	",Oregon,SNOTEL,Lake,5720,42.31923,-120.82533,"180102020404	"
Railroad Overpass,"710	",Oregon,SNOTEL,Lane,2680,43.65887,-122.21272,"170900010302	"
Red Hill,"712	",Oregon,SNOTEL,Hood River,4410,45.4643,-121.70428,"170701050505	"
Roaring River,"719	",Oregon,SNOTEL,Lane,4950,43.90098,-122.03063,"170900040302	"
Rock Springs,"721	",Oregon,SNOTEL,Grant,5290,44.00883,-118.83842,"170501160204	"
Saddle Mountain,"726	",Oregon,SNOTEL,Washington,3110,45.54477,-123.37315,"170900100201	"
Salt Creek Falls,"729	",Oregon,SNOTEL,Lane,4220,43.61193,-122.11758,"170900010301	"
Santiam Jct.,"733	",Oregon,SNOTEL,Linn,3740,44.43503,-121.94502,"170900040201	"
Schneider Meadows,"736	",Oregon,SNOTEL,Baker,5400,45.00107,-117.16522,"170502010603	"
Seine Creek,"743	",Oregon,SNOTEL,Washington,2060,45.52688,-123.29857,"170900100203	"
Sevenmile Marsh,"745	",Oregon,SNOTEL,Klamath,5700,42.69825,-122.14165,"180102030104	"
Silver Creek,"756	",Oregon,SNOTEL,Lake,5740,42.95615,-121.18123,"171200050206	"
Silvies,"759	",Oregon,SNOTEL,Harney,6990,42.75333,-118.68785,"171200030201	"
Smith Ridge,"1167	",Oregon,SNOTEL,Linn,3270,44.30325,-122.04053,"170900040203	"
Snow Mountain,"767	",Oregon,SNOTEL,Harney,6230,43.94885,-119.54013,"171200020501	"
South Fork Bull Run,"925	",Oregon,SNOTEL,Clackamas,2690,45.44575,-122.03125,"170800010504	"
Starr Ridge,"789	",Oregon,SNOTEL,Grant,5250,44.26423,-119.02162,"171200020102	"
Strawberry,"794	",Oregon,SNOTEL,Lake,5770,42.12587,-120.8361,"180102040501	"
Summer Rim,"800	",Oregon,SNOTEL,Lake,7080,42.6957,-120.80158,"180102020103	"
Summit Lake,"801	",Oregon,SNOTEL,Klamath,5610,43.44907,-122.13808,"170703020203	"
Sun Pass,"1078	",Oregon,SNOTEL,Klamath,5400,42.78637,-121.97715,"180102010602	"
Swan Lake Mtn,"1077	",Oregon,SNOTEL,Klamath,6830,42.41323,-121.68002,"180102040802	"
Taylor Butte,"810	",Oregon,SNOTEL,Klamath,5030,42.69108,-121.42592,"180102020606	"
Taylor Green,"812	",Oregon,SNOTEL,Baker,5740,45.07707,-117.55067,"170601040502	"
Three Creeks Meadow,"815	",Oregon,SNOTEL,Deschutes,5690,44.14425,-121.64095,"170703010601	"
Tipton,"821	",Oregon,SNOTEL,Baker,5150,44.65567,-118.42617,"170502020101	"
Toketee Airstrip,"1044	",Oregon,SNOTEL,Douglas,3240,43.22718,-122.42537,"171003010404	"
Wolf Creek,"873	",Oregon,SNOTEL,Union,5630,45.06703,-118.15192,"170502030601	"
Blind Park,"354	",South Dakota,SNOTEL,Pennington,6890,44.10772,-103.97688,"101201100104	"
North Rapid Creek,"920	",South Dakota,SNOTEL,Lawrence,6130,44.20617,-103.78758,"101201100101	"
Agua Canyon,"907	",Utah,SNOTEL,Kane,8900,37.52217,-112.27118,"160300020301	"
Atwater,"1308	",Utah,SNOTEL,Salt Lake,8753,40.59124,-111.63775,"160202040202	"
Bear River RS,"992	",Utah,SNOTEL,Summit,8777,40.8852,-110.8277,"160101010106	"
Beaver Dams,"329	",Utah,SNOTEL,Sanpete,7990,39.13683,-111.55813,"160300040402	"
Beaver Divide,"330	",Utah,SNOTEL,Summit,8280,40.61233,-111.09782,"160202030105	"
Ben Lomond Peak,"332	",Utah,SNOTEL,Weber,7689,41.37603,-111.94405,"160201020302	"
Ben Lomond Trail,"333	",Utah,SNOTEL,Weber,5972,41.38291,-111.92103,"160201020302	"
Bevans Cabin,"1214	",Utah,SNOTEL,Tooele,6520,40.46182,-112.25233,"160203040401	"
Big Flat,"339	",Utah,SNOTEL,Beaver,10349,38.30183,-112.35672,"160300070202	"
Black Flat-U.M. Ck,"348	",Utah,SNOTEL,Sevier,9414,38.6799,-111.59765,"140700030101	"
Blacks Fork Jct,"1162	",Utah,SNOTEL,Summit,8869,40.95814,-110.5828,"140401070303	"
Bobs Hollow,"1278	",Utah,SNOTEL,Millard,9319,38.94569,-112.15349,"160300051401	"
Box Creek,"364	",Utah,SNOTEL,Sevier,9853,38.50809,-112.01856,"160300020106	"
Box Springs,"1156	",Utah,SNOTEL,Piute,9228,38.49746,-112.00779,"160300020107	"
Brian Head,"1154	",Utah,SNOTEL,Iron,10039,37.67994,-112.85674,"160300060201	"
Brighton,"366	",Utah,SNOTEL,Salt Lake,8766,40.59936,-111.58167,"160202040201	"
Brown Duck,"368	",Utah,SNOTEL,Duchesne,10574,40.58102,-110.58587,"140600030604	"
Buck Flat,"371	",Utah,SNOTEL,Sanpete,9409,39.134,-111.43722,"140600090302	"
Buck Pasture,"1192	",Utah,SNOTEL,Summit,9632,40.84456,-110.66068,"140401070301	"
Buckboard Flat,"1153	",Utah,SNOTEL,San Juan,8924,37.86943,-109.44717,"140802030103	"
Bug Lake,"374	",Utah,SNOTEL,Rich,7987,41.68541,-111.41987,"160102010102	"
Burts Miller Ranch,"1135	",Utah,SNOTEL,Summit,8000,40.98492,-110.85075,"160101010105	"
Camp Jackson,"383	",Utah,SNOTEL,San Juan,8858,37.81333,-109.48723,"140802010301	"
Cascade Mountain,"1039	",Utah,SNOTEL,Utah,7774,40.283,-111.60992,"160202030505	"
Castle Valley,"390	",Utah,SNOTEL,Iron,9607,37.66098,-112.74093,"160300010201	"
Chalk Creek #1,"392	",Utah,SNOTEL,Summit,9171,40.85464,-111.04765,"160201010301	"
Chalk Creek #2,"393	",Utah,SNOTEL,Summit,8208,40.88529,-111.06954,"160201010301	"
Chepeta,"396	",Utah,SNOTEL,Duchesne,10499,40.77458,-110.0105,"140600031202	"
Clayton Springs,"983	",Utah,SNOTEL,Garfield,10049,37.9725,-111.83355,"160300020501	"
Clear Creek #1,"399	",Utah,SNOTEL,Utah,8975,39.86671,-111.28363,"160202020102	"
Clear Creek #2,"400	",Utah,SNOTEL,Utah,7837,39.89275,-111.25154,"160202020102	"
Corral,"1236	",Utah,SNOTEL,Carbon,8207,39.65795,-110.37906,"140600070903	"
Currant Creek,"432	",Utah,SNOTEL,Wasatch,7915,40.35747,-111.08993,"140600040401	"
Daniels-Strawberry,"435	",Utah,SNOTEL,Wasatch,8008,40.2953,-111.25677,"140600040101	"
Dills Camp,"444	",Utah,SNOTEL,Sanpete,9228,39.04554,-111.46875,"140700020201	"
Donkey Reservoir,"452	",Utah,SNOTEL,Wayne,9799,38.2084,-111.47412,"140700030305	"
Dry Bread Pond,"455	",Utah,SNOTEL,Cache,8302,41.41289,-111.5377,"160102030101	"
Dry Fork,"906	",Utah,SNOTEL,Salt Lake,7093,40.56533,-112.17343,"160202040106	"
EF Blacks Fork GS,"1163	",Utah,SNOTEL,Summit,9360,40.88472,-110.54056,"140401070302	"
East Willow Creek,"461	",Utah,SNOTEL,Grand,8302,39.31213,-109.53179,"140600060205	"
Elk Ridge,"1323	",Utah,SNOTEL,San Juan,8530,37.82308,-109.77156,"140802010402	"
Farmington,"474	",Utah,SNOTEL,Davis,7902,40.97462,-111.80975,"160201020502	"
Farmington Lower,"1054	",Utah,SNOTEL,Davis,6779,40.992,-111.81702,"160201020502	"
Farnsworth Lake,"475	",Utah,SNOTEL,Sevier,9623,38.77246,-111.67662,"160300030405	"
Fish Lake Utah,"1149	",Utah,SNOTEL,Sevier,8798,38.50455,-111.76693,"140700030108	"
Five Points Lake,"481	",Utah,SNOTEL,Duchesne,10943,40.71785,-110.46721,"140600030701	"
GBRC HQ,"1221	",Utah,SNOTEL,Sanpete,8801,39.32019,-111.48827,"160300040307	"
GBRC Meadows,"1222	",Utah,SNOTEL,Sanpete,9858,39.30229,-111.45383,"160300040307	"
Garden City Summit,"1114	",Utah,SNOTEL,Cache,7705,41.9215,-111.4693,"160102010106	"
Gardner Peak,"1066	",Utah,SNOTEL,Washington,8322,37.40083,-113.45988,"150100080701	"
George Creek,"1151	",Utah,SNOTEL,Box Elder,8964,41.91562,-113.41154,"170402100401	"
Gold Basin,"1304	",Utah,SNOTEL,San Juan,10076,38.46516,-109.26332,"140300050401	"
Gooseberry RS,"495	",Utah,SNOTEL,Sevier,7944,38.80034,-111.68333,"160300030405	"
Gooseberry RS Up,"1184	",Utah,SNOTEL,Sevier,8396,38.7882,-111.68892,"160300030405	"
Gutz Peak,"1065	",Utah,SNOTEL,Washington,6763,37.49617,-113.94235,"150100100101	"
Hardscrabble,"896	",Utah,SNOTEL,Morgan,7250,40.86833,-111.71865,"160201020105	"
Harris Flat,"514	",Utah,SNOTEL,Kane,7792,37.48997,-112.57602,"160300010104	"
Hayden Fork,"517	",Utah,SNOTEL,Summit,9130,40.79669,-110.88472,"160101010101	"
Hewinta,"521	",Utah,SNOTEL,Summit,9500,40.95009,-110.48419,"140401070203	"
Hickerson Park,"522	",Utah,SNOTEL,Daggett,9122,40.90663,-109.96287,"140401060501	"
Hobble Creek,"1223	",Utah,SNOTEL,Utah,7377,40.18538,-111.35971,"160202020304	"
Hole-in-Rock,"528	",Utah,SNOTEL,Summit,9168,40.92167,-110.18623,"140401060205	"
Horse Ridge,"533	",Utah,SNOTEL,Morgan,8199,41.31372,-111.44624,"160201010601	"
Huntington Horse,"1216	",Utah,SNOTEL,Sanpete,9652,39.61774,-111.30576,"140600070201	"
Jones Corral,"1099	",Utah,SNOTEL,Garfield,9749,38.07125,-112.16788,"160300020507	"
Kilfoil Creek,"1145	",Utah,SNOTEL,Morgan,7220,41.24764,-111.41249,"160201010603	"
Kimberly Mine,"557	",Utah,SNOTEL,Piute,9101,38.48383,-112.39273,"160300030104	"
Kings Cabin,"559	",Utah,SNOTEL,Uintah,8728,40.71632,-109.54401,"140600100303	"
Klondike Narrows,"1115	",Utah,SNOTEL,Cache,7250,41.96769,-111.59713,"160102030302	"
Kolob,"561	",Utah,SNOTEL,Iron,9263,37.52664,-113.05386,"150100080102	"
Lakefork #1,"566	",Utah,SNOTEL,Duchesne,10128,40.59709,-110.43316,"140600030705	"
Lakefork #3,"1116	",Utah,SNOTEL,Duchesne,8464,40.5502,-110.3529,"140600030705	"
Lakefork Basin,"513	",Utah,SNOTEL,Duchesne,10885,40.73785,-110.62121,"140600030601	"
Lasal Mountain,"572	",Utah,SNOTEL,San Juan,9578,38.48226,-109.27198,"140300050404	"
Lasal Mountain-Lower,"1215	",Utah,SNOTEL,San Juan,8783,38.48167,-109.29164,"140300050404	"
Lightning Ridge,"1056	",Utah,SNOTEL,Weber,8215,41.35891,-111.48749,"160201020201	"
Lily Lake,"579	",Utah,SNOTEL,Summit,9133,40.86493,-110.79813,"160101010103	"
Little Bear,"582	",Utah,SNOTEL,Cache,6548,41.40562,-111.82607,"160102030103	"
Little Grassy,"583	",Utah,SNOTEL,Washington,6065,37.48631,-113.84582,"160300061302	"
Lonesome Beaver,"1261	",Utah,SNOTEL,Garfield,9410,38.07,-110.77241,"140700010301	"
Long Flat,"592	",Utah,SNOTEL,Washington,7982,37.51255,-113.39661,"160300061403	"
Long Valley Jct,"593	",Utah,SNOTEL,Kane,7465,37.48756,-112.51458,"150100080201	"
Lookout Peak,"596	",Utah,SNOTEL,Salt Lake,8161,40.83731,-111.70965,"160202040302	"
Lost Creek Resv,"1118	",Utah,SNOTEL,Morgan,6082,41.22155,-111.35947,"160201010603	"
Louis Meadow,"972	",Utah,SNOTEL,Salt Lake,6700,40.83033,-111.76457,"160202040304	"
Mammoth-Cottonwood,"612	",Utah,SNOTEL,Sanpete,8709,39.68338,-111.31818,"160300040203	"
Merchant Valley,"621	",Utah,SNOTEL,Beaver,8705,38.30285,-112.43637,"160300070201	"
Midway Valley,"626	",Utah,SNOTEL,Iron,9827,37.56933,-112.83849,"160300010101	"
Mill Creek Canyon,"1321	",Utah,SNOTEL,Salt Lake,6960,40.69656,-111.67712,"160202040301	"
Mill-D North,"628	",Utah,SNOTEL,Salt Lake,8963,40.65883,-111.63683,"160202040201	"
Mining Fork,"631	",Utah,SNOTEL,Tooele,8295,40.49384,-112.61141,"160203040503	"
Monte Cristo,"634	",Utah,SNOTEL,Cache,8932,41.46547,-111.49688,"160102030201	"
Mosby Mtn.,"643	",Utah,SNOTEL,Uintah,9553,40.60798,-109.8881,"140600100702	"
Mt Baldy,"1224	",Utah,SNOTEL,Sanpete,9524,39.13648,-111.50527,"160300040402	"
Mt Pennell,"1269	",Utah,SNOTEL,Garfield,9209,37.97793,-110.7933,"140700010502	"
Oak Creek,"1146	",Utah,SNOTEL,Millard,7850,39.3485,-112.192,"160300051503	"
Panguitch Lake RS,"1148	",Utah,SNOTEL,Garfield,8350,37.70463,-112.65037,"160300010402	"
Parleys Summit,"684	",Utah,SNOTEL,Summit,7585,40.76184,-111.62917,"160201020103	"
Parleys Upper,"856	",Utah,SNOTEL,Salt Lake,8353,40.70194,-111.60619,"160202040302	"
Parrish Creek,"971	",Utah,SNOTEL,Davis,7740,40.93417,-111.81372,"160201020501	"
Payson R.S.,"686	",Utah,SNOTEL,Utah,8044,39.92976,-111.63109,"160202020601	"
Pickle Keg,"691	",Utah,SNOTEL,Sevier,9020,39.01219,-111.58259,"160300030402	"
Pine Creek,"694	",Utah,SNOTEL,Millard,8734,38.88185,-112.24915,"160300051307	"
Powder Mountain,"1300	",Utah,SNOTEL,Cache,8505,41.37428,-111.76673,"160102030102	"
Red Pine Ridge,"714	",Utah,SNOTEL,Emery,8988,39.45197,-111.27221,"140600090202	"
Redden Mine Lwr,"1225	",Utah,SNOTEL,Summit,8532,40.67505,-111.21765,"160201010103	"
Rees Flat,"1217	",Utah,SNOTEL,Juab,7206,39.49667,-111.72508,"160300050202	"
Rock Creek,"720	",Utah,SNOTEL,Duchesne,7886,40.54875,-110.69292,"140600030304	"
Rockwood GS,"1309	",Utah,SNOTEL,Sevier,8593,38.67101,-112.3305,"160300030105	"
Rocky Basin-Settleme,"723	",Utah,SNOTEL,Tooele,8704,40.44293,-112.22377,"160203040401	"
Santaquin Meadows,"1280	",Utah,SNOTEL,Utah,7835,39.92076,-111.71802,"160202010301	"
Seeley Creek,"742	",Utah,SNOTEL,Sanpete,9904,39.31042,-111.43297,"140600090203	"
Smith  Morehouse,"763	",Utah,SNOTEL,Summit,7631,40.78931,-111.09192,"160201010203	"
Snowbird,"766	",Utah,SNOTEL,Salt Lake,9177,40.56914,-111.65852,"160202040202	"
Spirit Lk,"1117	",Utah,SNOTEL,Daggett,10235,40.83868,-110.00527,"140401060501	"
Steel Creek Park,"790	",Utah,SNOTEL,Summit,10158,40.90862,-110.50462,"140401070203	"
Strawberry Divide,"795	",Utah,SNOTEL,Wasatch,8123,40.16483,-111.20665,"140600040103	"
Sunflower Flat,"1249	",Utah,SNOTEL,Garfield,10018,38.048,-111.33981,"140700030406	"
Suu Ranch,"1248	",Utah,SNOTEL,Iron,8050,37.59711,-112.92949,"160300060306	"
Takka Wiiya,"1247	",Utah,SNOTEL,Juab,9122,39.74104,-113.98262,"160203060804	"
Temple Fork,"1013	",Utah,SNOTEL,Cache,7406,41.793,-111.54605,"160102030303	"
Thaynes Canyon,"814	",Utah,SNOTEL,Summit,9230,40.6235,-111.53322,"160201020101	"
Thistle Flat,"1226	",Utah,SNOTEL,Sanpete,8787,39.23803,-111.51998,"160300040501	"
Timberline,"1097	",Utah,SNOTEL,Carbon,8736,39.67712,-110.43395,"140600070903	"
Timpanogos Divide,"820	",Utah,SNOTEL,Utah,8140,40.42817,-111.61633,"160202010802	"
Tony Grove Lake,"823	",Utah,SNOTEL,Cache,8474,41.89833,-111.62957,"160102030304	"
Tony Grove RS,"1113	",Utah,SNOTEL,Cache,6332,41.88573,-111.56918,"160102030304	"
Trial Lake,"828	",Utah,SNOTEL,Summit,9992,40.678,-110.94873,"160202030102	"
Trout Creek,"833	",Utah,SNOTEL,Uintah,9518,40.739,-109.6728,"140600100802	"
Upper Joes Valley,"1227	",Utah,SNOTEL,Emery,8596,39.4155,-111.2491,"140600090201	"
Usu Doc Daniel,"1098	",Utah,SNOTEL,Rich,8270,41.86425,-111.50603,"160102010103	"
Vernon Creek,"844	",Utah,SNOTEL,Tooele,7401,39.93667,-112.41478,"160203040102	"
Webster Flat,"853	",Utah,SNOTEL,Iron,9203,37.575,-112.90155,"150100080101	"
White River #1,"864	",Utah,SNOTEL,Wasatch,8641,39.9645,-110.98845,"140600070102	"
Widtsoe #3,"865	",Utah,SNOTEL,Garfield,9640,37.83633,-111.88163,"160300020403	"
Wilbur Bench,"543	",Utah,SNOTEL,Duchesne,9171,39.89166,-110.74604,"140600040701	"
Wolf Creek Peak,"1164	",Utah,SNOTEL,Wasatch,9796,40.47733,-111.04469,"160202030104	"
Wrigley Creek,"1228	",Utah,SNOTEL,Sanpete,9327,39.13233,-111.35685,"140600090303	"
Yankee Reservoir,"1197	",Utah,SNOTEL,Iron,8692,37.74797,-112.77495,"160300060202	"
Alpine Meadows,"908	",Washington,SNOTEL,King,3500,47.77957,-121.69847,"171100100501	"
Beaver Pass,"990	",Washington,SNOTEL,Whatcom,3630,48.8793,-121.2555,"171100050605	"
Blewett Pass,"352	",Washington,SNOTEL,Chelan,4240,47.35037,-120.6796,"170200110501	"
Brown Top,"1080	",Washington,SNOTEL,Whatcom,5830,48.92755,-121.19713,"171100050601	"
Buckinghorse,"1107	",Washington,SNOTEL,Jefferson,4870,47.7086,-123.45747,"171100200501	"
Bumping Ridge,"375	",Washington,SNOTEL,Yakima,4610,46.81003,-121.33058,"170300020105	"
Bunchgrass Mdw,"376	",Washington,SNOTEL,Pend Oreille,5000,48.68688,-117.17633,"170102160401	"
Burnt Mountain,"942	",Washington,SNOTEL,Pierce,4170,47.0444,-121.94032,"171100140103	"
Calamity,"1109	",Washington,SNOTEL,Skamania,2500,45.90362,-122.21633,"170800020603	"
Cayuse Pass,"1085	",Washington,SNOTEL,Pierce,5240,46.86954,-121.5343,"171100140301	"
Corral Pass,"418	",Washington,SNOTEL,Pierce,5800,47.01872,-121.46464,"171100140307	"
Cougar Mountain,"420	",Washington,SNOTEL,King,3200,47.27666,-121.67138,"171100130202	"
Decline Creek,"1319	",Washington,SNOTEL,Snohomish,4480,48.23594,-121.455,"171100060403	"
Dungeness,"943	",Washington,SNOTEL,Clallam,4010,47.87224,-123.0788,"171100200301	"
Easy Pass,"998	",Washington,SNOTEL,Whatcom,5270,48.85933,-121.43895,"171100010101	"
Elbow Lake,"910	",Washington,SNOTEL,Whatcom,3040,48.69092,-121.90893,"171100040401	"
Fish Lake,"478	",Washington,SNOTEL,Kittitas,3430,47.53565,-121.08553,"170300010102	"
Gold Axe Camp,"1159	",Washington,SNOTEL,Okanogan,5360,48.9516,-118.9864,"170200021204	"
Gold Mountain,"1256	",Washington,SNOTEL,Ferry,4390,48.18934,-118.4559,"170200011703	"
Green Lake,"502	",Washington,SNOTEL,Yakima,5920,46.54741,-121.17093,"170300030101	"
Grouse Camp,"507	",Washington,SNOTEL,Kittitas,5390,47.28107,-120.48771,"170300010401	"
Harts Pass,"515	",Washington,SNOTEL,Okanogan,6490,48.72047,-120.6586,"171100050501	"
Huckleberry Creek,"928	",Washington,SNOTEL,Pierce,2250,47.06565,-121.58778,"171100140307	"
Indian Rock,"1129	",Washington,SNOTEL,Klickitat,5360,45.99077,-120.80767,"170701060301	"
June Lake,"553	",Washington,SNOTEL,Skamania,3440,46.14778,-122.15413,"170800020304	"
Lone Pine,"591	",Washington,SNOTEL,Skamania,3930,46.27143,-121.96288,"170800020203	"
Lost Horse,"599	",Washington,SNOTEL,Yakima,5120,46.3575,-121.08095,"170300030302	"
Lyman Lake,"606	",Washington,SNOTEL,Chelan,5980,48.19798,-120.91678,"170200090203	"
Lynn Lake,"1069	",Washington,SNOTEL,King,3900,47.20172,-121.77972,"171100130203	"
MF Nooksack,"1011	",Washington,SNOTEL,Whatcom,4970,48.82453,-121.92951,"171100040303	"
Marten Ridge,"999	",Washington,SNOTEL,Whatcom,3520,48.76292,-121.69823,"171100051004	"
Meadows Pass,"897	",Washington,SNOTEL,King,3230,47.28312,-121.47197,"171100120101	"
Morse Lake,"642	",Washington,SNOTEL,Yakima,5410,46.90585,-121.4827,"170300020106	"
Moses Mtn,"644	",Washington,SNOTEL,Okanogan,5010,48.36166,-119.08158,"170200061903	"
Mount Crag,"648	",Washington,SNOTEL,Jefferson,3960,47.7637,-123.026,"171100180601	"
Mount Gardner,"898	",Washington,SNOTEL,King,2920,47.35768,-121.56812,"171100120103	"
Mowich,"941	",Washington,SNOTEL,Pierce,3160,46.92833,-121.95232,"171100140105	"
Mt. Tebo,"1126	",Washington,SNOTEL,Mason,3384,47.46061,-123.41219,"171100170101	"
Muckamuck,"1259	",Washington,SNOTEL,Okanogan,4470,48.58526,-119.86624,"170200062001	"
Olallie Meadows,"672	",Washington,SNOTEL,King,4030,47.37406,-121.44213,"171100100301	"
Paradise,"679	",Washington,SNOTEL,Pierce,5130,46.78265,-121.74765,"171100150104	"
Park Creek Ridge,"681	",Washington,SNOTEL,Chelan,4600,48.44488,-120.91551,"170200090106	"
Pepper Creek,"1104	",Washington,SNOTEL,Skamania,2140,46.10242,-121.95555,"170800020111	"
Pigtail Peak,"692	",Washington,SNOTEL,Yakima,5800,46.62153,-121.38643,"170300020301	"
Pinto Rock,"1263	",Washington,SNOTEL,Skamania,4440,46.32318,-121.94219,"170800040405	"
Pope Ridge,"699	",Washington,SNOTEL,Chelan,3590,47.9909,-120.56622,"170200100204	"
Potato Hill,"702	",Washington,SNOTEL,Yakima,4510,46.34963,-121.51435,"170800040303	"
Quartz Peak,"707	",Washington,SNOTEL,Spokane,4700,47.87927,-117.08938,"170103080302	"
Rainy Pass,"711	",Washington,SNOTEL,Chelan,4890,48.51865,-120.7358,"171100050503	"
Rex River,"911	",Washington,SNOTEL,King,3810,47.30218,-121.60475,"171100120102	"
Salmon Meadows,"728	",Washington,SNOTEL,Okanogan,4460,48.65518,-119.8383,"170200062003	"
Sasse Ridge,"734	",Washington,SNOTEL,Kittitas,4340,47.38485,-121.06323,"170300010104	"
Satus Pass,"1231	",Washington,SNOTEL,Klickitat,3960,45.98797,-120.67734,"170701060301	"
Sawmill Ridge,"1068	",Washington,SNOTEL,King,4640,47.15992,-121.42172,"171100130104	"
Sentinel Butte,"1043	",Washington,SNOTEL,Ferry,4680,48.86133,-118.39843,"170200021705	"
Sheep Canyon,"748	",Washington,SNOTEL,Cowlitz,3990,46.19325,-122.25393,"170800050601	"
Skate Creek,"1257	",Washington,SNOTEL,Lewis,3770,46.64336,-121.83044,"170800040505	"
Skookum Creek,"912	",Washington,SNOTEL,King,3310,47.68433,-121.61007,"171100100503	"
Sourdough Gulch,"985	",Washington,SNOTEL,Asotin,4000,46.23718,-117.39438,"170601030202	"
Spencer Meadow,"776	",Washington,SNOTEL,Skamania,3400,46.1795,-121.92661,"170800020108	"
Spirit Lake,"777	",Washington,SNOTEL,Skamania,3520,46.26113,-122.1772,"170800050502	"
Spruce Springs,"984	",Washington,SNOTEL,Garfield,5700,46.18287,-117.54155,"170601030201	"
Stampede Pass,"788	",Washington,SNOTEL,King,3850,47.27427,-121.34162,"171100130103	"
Stevens Pass,"791	",Washington,SNOTEL,King,3950,47.74607,-121.09288,"171100090102	"
Surprise Lakes,"804	",Washington,SNOTEL,Skamania,4290,46.09497,-121.76345,"170800020107	"
Swamp Creek,"975	",Washington,SNOTEL,Skagit,3930,48.57142,-120.78267,"171100050503	"
Swift Creek,"1012	",Washington,SNOTEL,Skamania,4440,46.1638,-122.18402,"170800020304	"
Thunder Basin,"817	",Washington,SNOTEL,Skagit,4320,48.52753,-120.9895,"171100050702	"
Tinkham Creek,"899	",Washington,SNOTEL,King,2990,47.33198,-121.46975,"171100120101	"
Touchet,"824	",Washington,SNOTEL,Columbia,5530,46.11868,-117.8505,"170701020303	"
Trinity,"1171	",Washington,SNOTEL,Chelan,2930,48.0747,-120.8493,"170200110302	"
Trough,"832	",Washington,SNOTEL,Kittitas,5480,47.23328,-120.29412,"170200100402	"
Upper Wheeler,"841	",Washington,SNOTEL,Chelan,4330,47.28734,-120.37015,"170200100310	"
Waterhole,"974	",Washington,SNOTEL,Clallam,5010,47.94485,-123.42594,"171100200506	"
Wells Creek,"909	",Washington,SNOTEL,Whatcom,4030,48.8661,-121.78976,"171100040103	"
White Pass E.S.,"863	",Washington,SNOTEL,Yakima,4440,46.64142,-121.38153,"170300020301	"
Bald Mtn.,"309	",Wyoming,SNOTEL,Big Horn,9380,44.80061,-107.84428,"100800100501	"
Base Camp,"314	",Wyoming,SNOTEL,Teton,7060,43.94019,-110.44544,"170401010304	"
Battle Mountain,"317	",Wyoming,SNOTEL,Carbon,7498,41.05402,-107.26674,"140500030109	"
Bear Trap Meadow,"325	",Wyoming,SNOTEL,Johnson,8200,43.88743,-107.06135,"100902010205	"
Beartooth Lake,"326	",Wyoming,SNOTEL,Park,9360,44.94307,-109.56743,"100700060206	"
Big Goose,"931	",Wyoming,SNOTEL,Sheridan,7990,44.57922,-107.20068,"100901010103	"
Big Sandy Opening,"342	",Wyoming,SNOTEL,Sublette,9080,42.6458,-109.25965,"140401040101	"
Blackhall Mtn,"1119	",Wyoming,SNOTEL,Carbon,9839,41.05623,-106.714,"101800020504	"
Blackwater,"350	",Wyoming,SNOTEL,Park,9780,44.37667,-109.79333,"100800120209	"
Blind Bull Sum,"353	",Wyoming,SNOTEL,Sublette,8650,42.964,-110.60973,"140401010402	"
Bone Springs Div,"358	",Wyoming,SNOTEL,Sheridan,9350,44.67881,-107.5811,"100800100102	"
Brooklyn Lake,"367	",Wyoming,SNOTEL,Albany,10250,41.36038,-106.23038,"101800100502	"
Burgess Junction,"377	",Wyoming,SNOTEL,Sheridan,7880,44.78765,-107.52917,"100901010202	"
Burroughs Creek,"379	",Wyoming,SNOTEL,Fremont,8750,43.69733,-109.67021,"100800010102	"
Canyon,"384	",Wyoming,SNOTEL,Park,7870,44.71961,-110.51084,"100700010705	"
Casper Mtn.,"389	",Wyoming,SNOTEL,Natrona,7920,42.73362,-106.31789,"101800070804	"
Castle Creek,"1130	",Wyoming,SNOTEL,Fremont,8400,43.6748,-109.3774,"100800010401	"
Cinnabar Park,"1046	",Wyoming,SNOTEL,Albany,9707,41.23843,-106.23101,"101800100503	"
Cloud Peak Reservoir,"402	",Wyoming,SNOTEL,Johnson,9860,44.40328,-107.06074,"100902060301	"
Cold Springs,"405	",Wyoming,SNOTEL,Fremont,9630,43.27676,-109.44585,"100800010702	"
Cole Canyon,"982	",Wyoming,SNOTEL,Crook,5910,44.48632,-104.41057,"101202030302	"
Cottonwood Creek,"419	",Wyoming,SNOTEL,Lincoln,7670,42.6459,-110.81482,"170401050102	"
Crow Creek,"1045	",Wyoming,SNOTEL,Albany,8335,41.22824,-105.38571,"101900090104	"
Deer Park,"923	",Wyoming,SNOTEL,Fremont,9700,42.59076,-108.90273,"100800030101	"
Divide Peak,"449	",Wyoming,SNOTEL,Carbon,8730,41.30399,-107.15255,"140500030203	"
Dome Lake,"451	",Wyoming,SNOTEL,Sheridan,8880,44.57462,-107.29537,"100901010102	"
East Rim Divide,"460	",Wyoming,SNOTEL,Sublette,7930,43.13097,-110.2023,"170401030203	"
Elkhart Park G.S.,"468	",Wyoming,SNOTEL,Sublette,9400,43.00657,-109.75893,"140401020103	"
Evening Star,"472	",Wyoming,SNOTEL,Park,9200,44.65258,-109.78422,"100700060301	"
Grand Targhee,"1082	",Wyoming,SNOTEL,Teton,9260,43.77933,-110.92783,"170402040202	"
Granite Creek,"497	",Wyoming,SNOTEL,Teton,6770,43.34298,-110.43495,"170401030304	"
Grassy Lake,"499	",Wyoming,SNOTEL,Teton,7265,44.12612,-110.83435,"170402030202	"
Grave Springs,"501	",Wyoming,SNOTEL,Natrona,8550,43.46643,-107.23977,"100902010103	"
Gros Ventre Summit,"506	",Wyoming,SNOTEL,Teton,8750,43.38939,-110.12943,"170401020203	"
Gunsight Pass,"944	",Wyoming,SNOTEL,Sublette,9820,43.38332,-109.87815,"170401020102	"
Hams Fork,"509	",Wyoming,SNOTEL,Lincoln,7840,42.146,-110.67833,"140401070504	"
Hansen Sawmill,"512	",Wyoming,SNOTEL,Johnson,8360,44.25602,-106.97983,"100902060101	"
Hobbs Park,"525	",Wyoming,SNOTEL,Fremont,10100,42.86984,-109.09455,"100800030207	"
Indian Creek,"544	",Wyoming,SNOTEL,Lincoln,9425,42.30023,-110.67753,"140401070502	"
Kelley R.S.,"554	",Wyoming,SNOTEL,Lincoln,8180,42.26554,-110.80177,"140401070501	"
Kendall R.S.,"555	",Wyoming,SNOTEL,Sublette,7740,43.2493,-110.01662,"140401010302	"
Kirwin,"560	",Wyoming,SNOTEL,Park,9550,43.86067,-109.32163,"100800090101	"
Laprele Creek,"571	",Wyoming,SNOTEL,Converse,8390,42.43566,-105.86051,"101800071201	"
Larsen Creek,"1134	",Wyoming,SNOTEL,Sublette,9000,42.5801,-109.0883,"101800060101	"
Lewis Lake Divide,"577	",Wyoming,SNOTEL,Teton,7850,44.20862,-110.66628,"170401010104	"
Little Goose,"1131	",Wyoming,SNOTEL,Johnson,8870,44.54315,-107.17865,"100901010105	"
Little Snake River,"1047	",Wyoming,SNOTEL,Carbon,8928,41.07051,-106.94284,"140500030103	"
Little Warm,"585	",Wyoming,SNOTEL,Fremont,9370,43.50278,-109.752,"100800010212	"
Loomis Park,"597	",Wyoming,SNOTEL,Sublette,8240,43.17387,-110.14007,"140401010201	"
Marquette,"616	",Wyoming,SNOTEL,Park,8760,44.3016,-109.24019,"100800130303	"
Med Bow,"1196	",Wyoming,SNOTEL,Carbon,10512,41.37833,-106.34697,"101800040302	"
Middle Powder,"625	",Wyoming,SNOTEL,Washakie,7760,43.62733,-107.18152,"100800080205	"
New Fork Lake,"661	",Wyoming,SNOTEL,Sublette,8340,43.11265,-109.94947,"140401020201	"
North French Creek,"668	",Wyoming,SNOTEL,Carbon,10153,41.33087,-106.37558,"101800020502	"
Old Battle,"673	",Wyoming,SNOTEL,Carbon,9860,41.15426,-106.96926,"101800020901	"
Owl Creek,"676	",Wyoming,SNOTEL,Hot Springs,8975,43.65868,-109.00988,"100800070103	"
Parker Peak,"683	",Wyoming,SNOTEL,Park,9400,44.73396,-109.91484,"100700010502	"
Phillips Bench,"689	",Wyoming,SNOTEL,Teton,8200,43.51687,-110.91258,"170401030504	"
Pocket Creek,"1133	",Wyoming,SNOTEL,Sublette,9360,42.7121,-109.4112,"140401020505	"
Powder River Pass,"703	",Wyoming,SNOTEL,Johnson,9480,44.16188,-107.12622,"100800080304	"
Reno Hill,"716	",Wyoming,SNOTEL,Natrona,8430,42.57089,-106.08969,"101800070901	"
Sage Creek Basin,"1015	",Wyoming,SNOTEL,Carbon,7850,41.40107,-107.2574,"101800020802	"
Salt River Summit,"730	",Wyoming,SNOTEL,Lincoln,7640,42.5075,-110.9099,"170401050101	"
Sand Lake,"731	",Wyoming,SNOTEL,Carbon,10098,41.4625,-106.281,"101800040101	"
Sandstone RS,"732	",Wyoming,SNOTEL,Carbon,8152,41.11179,-107.17043,"140500030208	"
Shell Creek,"751	",Wyoming,SNOTEL,Big Horn,9580,44.50012,-107.42947,"100800100101	"
Snake River Station,"764	",Wyoming,SNOTEL,Teton,6920,44.13361,-110.66917,"170401010402	"
Snider Basin,"765	",Wyoming,SNOTEL,Sublette,8060,42.4949,-110.53203,"140401010906	"
Soldier Park,"1132	",Wyoming,SNOTEL,Johnson,8720,44.34847,-107.0136,"100902060103	"
South Brush Creek,"772	",Wyoming,SNOTEL,Carbon,8495,41.3295,-106.5025,"101800020303	"
South Pass,"775	",Wyoming,SNOTEL,Fremont,9040,42.57314,-108.84324,"100800030101	"
Spring Creek Divide,"779	",Wyoming,SNOTEL,Sublette,9000,42.52516,-110.66148,"140401011001	"
St. Lawrence Alt,"786	",Wyoming,SNOTEL,Fremont,8620,43.03312,-109.17021,"100800020105	"
Sucker Creek,"798	",Wyoming,SNOTEL,Sheridan,8880,44.72279,-107.40035,"100901010203	"
Sylvan Lake,"806	",Wyoming,SNOTEL,Park,8420,44.47764,-110.15651,"100700010404	"
Sylvan Road,"807	",Wyoming,SNOTEL,Park,7120,44.47825,-110.03808,"100800120103	"
Thumb Divide,"816	",Wyoming,SNOTEL,Teton,7980,44.36917,-110.57717,"100700010409	"
Tie Creek,"818	",Wyoming,SNOTEL,Sheridan,6870,44.81243,-107.41017,"100901010205	"
Timber Creek,"819	",Wyoming,SNOTEL,Park,7950,44.0274,-109.17879,"100800090210	"
Togwotee Pass,"822	",Wyoming,SNOTEL,Teton,9580,43.74902,-110.0578,"100800010201	"
Townsend Creek,"826	",Wyoming,SNOTEL,Fremont,8700,42.69525,-108.89572,"100800030203	"
Triple Peak,"831	",Wyoming,SNOTEL,Sublette,8500,42.76393,-110.5914,"140401010503	"
Two Ocean Plateau,"837	",Wyoming,SNOTEL,Teton,9240,44.15178,-110.22122,"170401010201	"
Webber Springs,"852	",Wyoming,SNOTEL,Carbon,9260,41.1591,-106.92809,"101800020406	"
Whiskey Park,"859	",Wyoming,SNOTEL,Carbon,9020,41.00368,-106.90795,"140500030102	"
Willow Creek,"868	",Wyoming,SNOTEL,Lincoln,8080,42.81513,-110.83515,"170401050204	"
Windy Peak,"872	",Wyoming,SNOTEL,Albany,7915,42.27991,-105.57782,"101800080802	"
Wolverine,"875	",Wyoming,SNOTEL,Park,7650,44.80417,-109.657,"100700060104	"
Younts Peak,"878	",Wyoming,SNOTEL,Park,8350,43.93225,-109.81775,"100800130103	"